查詢公司名稱,公司名稱,統一編號,公司狀況,資本總額(元),代表人姓名,公司所在地
台灣電力股份有限公司,,03795904   訂閱,核准設立  「查詢最新營業狀況請至 財政部稅務入口網 」,"580,000,000,000",臺北市中正區羅斯福路三段242號 地址所屬公司家數: 1  電子地圖 ,經濟部商業發展署
潤成投資控股股份有限公司,,53111933   訂閱,核准設立  「查詢最新營業狀況請至 財政部稅務入口網 」,"329,765,000,000",臺北市中山區八德路二段308號13樓之1 地址所屬公司家數: 3  電子地圖 ,經濟部商業發展署
台灣積體電路製造股份有限公司,台灣積體電路製造股份有限公司  Google搜尋  (出進口廠商英文名稱：TAIWAN SEMICONDUCTOR MANUFACTURING COMPANY LIMITED) 「國際貿易署廠商英文名稱查詢(限經營出進口或買賣業務者)」,22099131   訂閱,核准設立  「查詢最新營業狀況請至 財政部稅務入口網 」,"280,500,000,000",魏哲家,新竹科學園區新竹市力行六路8號 地址所屬公司家數: 1  電子地圖 
中國信託金融控股股份有限公司,中國信託金融控股股份有限公司  Google搜尋  「國際貿易署廠商英文名稱查詢(限經營出進口或買賣業務者)」,80333992   訂閱,核准設立  「查詢最新營業狀況請至 財政部稅務入口網 」,"320,000,000,000",顏文隆,臺北市南港區經貿二路168號27樓、29樓 地址所屬公司家數: 1  電子地圖 
凱基金融控股股份有限公司,"KGI Financial Holding Co., Ltd.",70827383   訂閱,核准設立  「查詢最新營業狀況請至 財政部稅務入口網 」,"183,900,740,770",臺北市松山區敦化北路135號8、12、13及18樓 地址所屬公司家數: 1  電子地圖 ,經濟部商業發展署
新光金融控股股份有限公司,"Shin Kong Financial Holding Co., Ltd.",80328219   訂閱,核准設立  「查詢最新營業狀況請至 財政部稅務入口網 」,"180,094,789,520",臺北市中正區忠孝西路一段66號38樓 地址所屬公司家數: 3  電子地圖 ,經濟部商業發展署
國泰金融控股股份有限公司,國泰金融控股股份有限公司  Google搜尋  「國際貿易署廠商英文名稱查詢(限經營出進口或買賣業務者)」,70827406   訂閱,核准設立  「查詢最新營業狀況請至 財政部稅務入口網 」,"180,000,000,000",蔡宏圖,臺北市大安區仁愛路四段296號 地址所屬公司家數: 16  電子地圖 
玉山金融控股股份有限公司,"E. SUN FINANCIAL HOLDING COMPANY, LTD.",70796305   訂閱,核准設立  「查詢最新營業狀況請至 財政部稅務入口網 」,"159,958,000,000",臺北市松山區民生東路3段117號14樓及115號1樓 地址所屬公司家數: 1  電子地圖 ,經濟部商業發展署
中國信託商業銀行股份有限公司,"CTBC Bank Co., Ltd.",03077208   訂閱,核准設立  「查詢最新營業狀況請至 財政部稅務入口網 」,"158,016,512,400",臺北市南港區經貿二路166、168、170、186、188號 地址所屬公司家數: 1  電子地圖 ,經濟部商業發展署
中國鋼鐵股份有限公司,,30414175   訂閱,核准設立  「查詢最新營業狀況請至 財政部稅務入口網 」,"157,731,289,960",高雄市小港區中鋼路1號 地址所屬公司家數: 1  電子地圖 ,經濟部商業發展署
台北富邦商業銀行股份有限公司,"Taipei Fubon Commercial Bank Co., Ltd. (Taipei Fubon Bank)",03750168   訂閱,核准設立  「查詢最新營業狀況請至 財政部稅務入口網 」,"157,598,061,300",臺北市中山區中山北路二段50號1、2、3、5、8、12樓 地址所屬公司家數: 1  電子地圖 ,經濟部商業發展署
台灣自來水股份有限公司,,52242444   訂閱,核准設立  「查詢最新營業狀況請至 財政部稅務入口網 」,"157,500,000,000",臺中市北區樂英里14鄰雙十路二段2之1號 地址所屬公司家數: 1  電子地圖 ,經濟部商業發展署
富邦金融控股股份有限公司,"Fubon Financial Holding Co., Ltd.",03374805   訂閱,核准設立  「查詢最新營業狀況請至 財政部稅務入口網 」,"152,657,119,050",臺北市中山區遼寧街179號15樓、16樓 地址所屬公司家數: 1  電子地圖 ,經濟部商業發展署
合作金庫金融控股股份有限公司,,53021433   訂閱,核准設立  「查詢最新營業狀況請至 財政部稅務入口網 」,"152,242,105,960",臺北市松山區長安東路二段225號17、19樓 地址所屬公司家數: 1  電子地圖 ,經濟部商業發展署
兆豐金融控股股份有限公司,MEGA FINANCIAL HOLDING COMPANY LIMITED,70796754   訂閱,核准設立  「查詢最新營業狀況請至 財政部稅務入口網 」,"148,333,782,820",臺北市中正區忠孝東路二段123號14至17樓、20樓至21樓 地址所屬公司家數: 1  電子地圖 ,經濟部商業發展署
南山人壽保險股份有限公司,,11456006   訂閱,核准設立  「查詢最新營業狀況請至 財政部稅務入口網 」,"146,992,460,000",臺北市信義區莊敬路168號 地址所屬公司家數: 1  電子地圖 ,經濟部商業發展署
玉山商業銀行股份有限公司,"E.SUN COMMERCIAL BANK, LTD.",86517510   訂閱,核准設立  「查詢最新營業狀況請至 財政部稅務入口網 」,"146,320,000,000",臺北市松山區民生東路三段115號及117號 地址所屬公司家數: 1  電子地圖 ,經濟部商業發展署
台新金融控股股份有限公司,台新金融控股股份有限公司  Google搜尋  「國際貿易署廠商英文名稱查詢(限經營出進口或買賣業務者)」,80328055   訂閱,核准設立  「查詢最新營業狀況請至 財政部稅務入口網 」,"350,000,000,000",吳東亮,臺北市大安區仁愛路四段118號12、13、15、16、21、22及23樓 地址所屬公司家數: 1  電子地圖 
第一金融控股股份有限公司,"First Financial Holding Co., Ltd.",80351999   訂閱,核准設立  「查詢最新營業狀況請至 財政部稅務入口網 」,"140,287,499,030",臺北市中正區重慶南路一段30號 地址所屬公司家數: 2  電子地圖 ,經濟部商業發展署
鴻海精密工業股份有限公司,"HON HAI PRECISION INDUSTRY CO., LTD.",04541302   訂閱,核准設立  「查詢最新營業狀況請至 財政部稅務入口網 」,"138,917,019,490",新北市土城區中山路66號 地址所屬公司家數: 3  電子地圖 ,經濟部商業發展署
華南金融控股股份有限公司,,70826764   訂閱,核准設立  「查詢最新營業狀況請至 財政部稅務入口網 」,"137,791,733,560",臺北市信義區松仁路123號23樓、24樓、25樓、26樓及27樓 地址所屬公司家數: 1  電子地圖 ,經濟部商業發展署
台灣中油股份有限公司,,03707901   訂閱,核准設立  「查詢最新營業狀況請至 財政部稅務入口網 」,"130,100,000,000",高雄市楠梓區宏南里左楠路2號 地址所屬公司家數: 1  電子地圖 ,經濟部商業發展署
元大金融控股股份有限公司,"Yuanta Financial Holding Co., Ltd.",70796749   訂閱,核准設立  「查詢最新營業狀況請至 財政部稅務入口網 」,"129,428,640,250",臺北市大安區仁愛路三段157號6樓、8樓、10樓、13樓、16樓至20樓 地址所屬公司家數: 1  電子地圖 ,經濟部商業發展署
永豐金融控股股份有限公司,SINOPAC FINANCIAL HOLDINGS COMPANY LIMITED,80333183   訂閱,核准設立  「查詢最新營業狀況請至 財政部稅務入口網 」,"126,958,509,400",臺北市中山區八德路2段306號3樓、5至13樓及308號6樓之1、6樓之2 地址所屬公司家數: 1  電子地圖 ,經濟部商業發展署
聯華電子股份有限公司,United Microelectronics Corporation,47217677   訂閱,核准設立  「查詢最新營業狀況請至 財政部稅務入口網 」,"125,565,077,040",新竹科學園區新竹市力行二路3號 地址所屬公司家數: 1  電子地圖 ,國家科學及技術委員會新竹科學園區管理局
台新國際商業銀行股份有限公司,,86519539   訂閱,核准設立  「查詢最新營業狀況請至 財政部稅務入口網 」,"122,991,645,930",臺北市中山區中山北路二段44號1樓及地下1樓 地址所屬公司家數: 1  電子地圖 ,經濟部商業發展署
合作金庫商業銀行股份有限公司,,70799128   訂閱,核准設立  「查詢最新營業狀況請至 財政部稅務入口網 」,"122,988,300,000",臺北市松山區長安東路二段225號 地址所屬公司家數: 7  電子地圖 ,經濟部商業發展署
國泰世華商業銀行股份有限公司,,04231910   訂閱,核准設立  「查詢最新營業狀況請至 財政部稅務入口網 」,"120,113,138,660",臺北市信義區松仁路7號1樓 地址所屬公司家數: 2  電子地圖 ,經濟部商業發展署
富邦人壽保險股份有限公司,"Fubon Life Insurance Co., Ltd.",27935073   訂閱,核准設立  「查詢最新營業狀況請至 財政部稅務入口網 」,"118,420,450,000",臺北市信義區松高路77號8樓 地址所屬公司家數: 1  電子地圖 ,經濟部商業發展署
彰化商業銀行股份有限公司,"CHANG HWA COMMERCIAL BANK, LTD.",51811609   訂閱,核准設立  「查詢最新營業狀況請至 財政部稅務入口網 」,"112,057,583,370",臺中市中區自由路二段38號 地址所屬公司家數: 1  電子地圖 ,經濟部商業發展署
第一商業銀行股份有限公司,"First Commercial Bank, Ltd.",05052322   訂閱,核准設立  「查詢最新營業狀況請至 財政部稅務入口網 」,"110,401,000,000",臺北市中正區重慶南路一段30號 地址所屬公司家數: 2  電子地圖 ,經濟部商業發展署
臺灣銀行股份有限公司,Bank of Taiwan,03557311   訂閱,核准設立  「查詢最新營業狀況請至 財政部稅務入口網 」,"109,000,000,000",臺北市中正區建國里重慶南路一段120號 地址所屬公司家數: 1  電子地圖 ,經濟部商業發展署
華南商業銀行股份有限公司,,03742301   訂閱,核准設立  「查詢最新營業狀況請至 財政部稅務入口網 」,"104,450,000,000",臺北市信義區松仁路123號 地址所屬公司家數: 5  電子地圖 ,經濟部商業發展署
永豐商業銀行股份有限公司,BANK SINOPAC COMPANY LIMITED,86517384   訂閱,核准設立  「查詢最新營業狀況請至 財政部稅務入口網 」,"103,781,983,670",臺北市中山區南京東路3段36號 地址所屬公司家數: 1  電子地圖 ,經濟部商業發展署
臺灣金融控股股份有限公司,,28428379   訂閱,核准設立  「查詢最新營業狀況請至 財政部稅務入口網 」,"103,125,000,000",臺北市中正區重慶南路一段120號 地址所屬公司家數: 2  電子地圖 ,經濟部商業發展署
兆豐國際商業銀行股份有限公司,,03705903   訂閱,核准設立  「查詢最新營業狀況請至 財政部稅務入口網 」,"96,118,000,000",臺北市中山區中原里吉林路100號 地址所屬公司家數: 1  電子地圖 ,經濟部商業發展署
台塑石化股份有限公司,,86522210   訂閱,核准設立  「查詢最新營業狀況請至 財政部稅務入口網 」,"95,259,596,520",雲林縣麥寮鄉中興村台塑工業園區1號之1 地址所屬公司家數: 7  電子地圖 ,經濟部商業發展署
臺灣中小企業銀行股份有限公司,"TAIWAN BUSINESS BANK, LTD.",03793407   訂閱,核准設立  「查詢最新營業狀況請至 財政部稅務入口網 」,"91,679,828,760",臺北市大同區玉泉里9鄰塔城街30號 地址所屬公司家數: 1  電子地圖 ,經濟部商業發展署
台灣美光晶圓科技股份有限公司,"台灣美光晶圓科技股份有限公司  Google搜尋  (出進口廠商英文名稱：MICRON TECHNOLOGY TAIWAN, INC.) 「國際貿易署廠商英文名稱查詢(限經營出進口或買賣業務者)」
106年03月01日 發文號10601023070變更名稱 （前名稱：華亞科技股份有限公司）",80353271   訂閱,核准設立  「查詢最新營業狀況請至 財政部稅務入口網 」,"91,558,241,760",盧東暉,桃園市龜山區文化里復興三路667號 地址所屬公司家數: 1  電子地圖 
臺灣土地銀行股份有限公司,,03700301   訂閱,核准設立  「查詢最新營業狀況請至 財政部稅務入口網 」,"86,200,000,000",臺北市中正區黎明里10鄰館前路46號 地址所屬公司家數: 1  電子地圖 ,經濟部商業發展署
中龍鋼鐵股份有限公司,,84613756   訂閱,核准設立  「查詢最新營業狀況請至 財政部稅務入口網 」,"86,125,861,230",臺中市龍井區龍昌路100號 地址所屬公司家數: 1  電子地圖 ,經濟部商業發展署
中華郵政股份有限公司,"Chunghwa Post Co., Ltd.",03741302   訂閱,核准設立  「查詢最新營業狀況請至 財政部稅務入口網 」,"84,262,000,000",臺北市大安區永康里金山南路二段55號 地址所屬公司家數: 1  電子地圖 ,經濟部商業發展署
星展(台灣)商業銀行股份有限公司,星展(台灣)商業銀行股份有限公司  Google搜尋  (出進口廠商英文名稱：DBS BANK (TAIWAN) LTD.) 「國際貿易署廠商英文名稱查詢(限經營出進口或買賣業務者)」,53017509   訂閱,核准設立  「查詢最新營業狀況請至 財政部稅務入口網 」,"90,000,000,000",伍維洪,臺北市信義區松仁路32、36號15、17樓 地址所屬公司家數: 1  電子地圖 
新光人壽保險股份有限公司,"Shin Kong Life Insurance Co., Ltd",03458902   訂閱,核准設立  「查詢最新營業狀況請至 財政部稅務入口網 」,"82,768,904,360",臺北市中正區忠孝西路一段66號31-43樓 地址所屬公司家數: 1  電子地圖 ,經濟部商業發展署
國營臺灣鐵路股份有限公司,"State-owned Taiwan Railway Corporation, Ltd.",07524729   訂閱,核准設立  「查詢最新營業狀況請至 財政部稅務入口網 」,"80,000,000,000",臺北市中正區黎明里003鄰北平西路3號 地址所屬公司家數: 1  電子地圖 ,經濟部商業發展署
元大商業銀行股份有限公司,,86517315   訂閱,核准設立  「查詢最新營業狀況請至 財政部稅務入口網 」,"79,953,547,760",臺北市大安區仁愛路三段157號1至2樓及6至20樓 地址所屬公司家數: 1  電子地圖 ,經濟部商業發展署
群創光電股份有限公司,群創光電股份有限公司  Google搜尋  (出進口廠商英文名稱：INNOLUX CORPORATION) 「國際貿易署廠商英文名稱查詢(限經營出進口或買賣業務者)」,12800225   訂閱,核准設立  「查詢最新營業狀況請至 財政部稅務入口網 」,"120,000,000,000",洪進揚,新竹科學園區苗栗縣竹南鎮科學路160號 地址所屬公司家數: 1  電子地圖 
南亞塑膠工業股份有限公司,,75370905   訂閱,核准設立  「查詢最新營業狀況請至 財政部稅務入口網 」,"79,308,215,890",高雄市仁武區竹後里水管路101號 地址所屬公司家數: 1  電子地圖 ,經濟部商業發展署
中華電信股份有限公司,,96979933   訂閱,核准設立  「查詢最新營業狀況請至 財政部稅務入口網 」,"77,574,465,450",臺北市中正區信義路一段21之3號 地址所屬公司家數: 1  電子地圖 ,經濟部商業發展署
臺灣水泥股份有限公司,"臺灣水泥股份有限公司  Google搜尋  (出進口廠商英文名稱：TCC Group Holdings CO., LTD.) 「國際貿易署廠商英文名稱查詢(限經營出進口或買賣業務者)」",11913502   訂閱,核准設立  「查詢最新營業狀況請至 財政部稅務入口網 」,"100,000,000,000",張安平,臺北市中山區中山北路二段113號 地址所屬公司家數: 25  電子地圖 
台灣美光記憶體股份有限公司,"台灣美光記憶體股份有限公司  Google搜尋  (出進口廠商英文名稱：MICRON MEMORY TAIWAN CO., LTD.) 「國際貿易署廠商英文名稱查詢(限經營出進口或買賣業務者)」
102年08月21日 發文號1020020065變更名稱 （前名稱：瑞晶電子股份有限公司）",28518076   訂閱,核准設立  「查詢最新營業狀況請至 財政部稅務入口網 」,"76,592,036,150",盧東暉,中部科學園區臺中市后里區三豐路4段369號 地址所屬公司家數: 1  電子地圖 
友達光電股份有限公司,友達光電股份有限公司  Google搜尋  (出進口廠商英文名稱：AUO Corporation) 「國際貿易署廠商英文名稱查詢(限經營出進口或買賣業務者)」,84149738   訂閱,核准設立  「查詢最新營業狀況請至 財政部稅務入口網 」,"120,000,000,000",彭双浪,新竹科學園區新竹市力行二路1號 地址所屬公司家數: 2  電子地圖 
臺灣港務股份有限公司,"Taiwan International Ports Corporation, Ltd.",53026486   訂閱,核准設立  「查詢最新營業狀況請至 財政部稅務入口網 」,"66,456,671,200",高雄市鼓山區麗興里蓬萊路10號 地址所屬公司家數: 1  電子地圖 ,經濟部商業發展署
元大證券股份有限公司,,97160609   訂閱,核准設立  「查詢最新營業狀況請至 財政部稅務入口網 」,"65,924,526,430",臺北市中山區南京東路三段219號11樓 地址所屬公司家數: 1  電子地圖 ,經濟部商業發展署
臺灣塑膠工業股份有限公司,,75708007   訂閱,核准設立  「查詢最新營業狀況請至 財政部稅務入口網 」,"63,657,407,810",高雄市仁武區竹後里水管路100號 地址所屬公司家數: 2  電子地圖 ,經濟部商業發展署
國泰人壽保險股份有限公司,,03374707   訂閱,核准設立  「查詢最新營業狀況請至 財政部稅務入口網 」,"63,515,273,950",臺北市大安區仁愛路4段296號 地址所屬公司家數: 16  電子地圖 ,經濟部商業發展署
台灣人壽保險股份有限公司,"Taiwan Life Insurance Co., Ltd.",03557017   訂閱,核准設立  「查詢最新營業狀況請至 財政部稅務入口網 」,"62,267,319,530",臺北市南港區經貿二路188號8樓 地址所屬公司家數: 1  電子地圖 ,經濟部商業發展署
中華航空股份有限公司,China Airlines Ltd.,11145904   訂閱,核准設立  「查詢最新營業狀況請至 財政部稅務入口網 」,"60,839,235,590",桃園市大園區埔心里16鄰航站南路1號 地址所屬公司家數: 2  電子地圖 ,經濟部商業發展署
日月光半導體製造股份有限公司,,76027628   訂閱,核准設立  「查詢最新營業狀況請至 財政部稅務入口網 」,"59,941,437,640",高雄市楠梓區經三路26號 地址所屬公司家數: 3  電子地圖 ,經濟部產業園區管理局
臺灣化學纖維股份有限公司,臺灣化學纖維股份有限公司  Google搜尋  (出進口廠商英文名稱：Formosa Chemicals And Fibre Corporation) 「國際貿易署廠商英文名稱查詢(限經營出進口或買賣業務者)」,58650902   訂閱,核准設立  「查詢最新營業狀況請至 財政部稅務入口網 」,"58,611,862,910",洪福源,彰化縣彰化市中庄里中山路三段359號 地址所屬公司家數: 1  電子地圖 
台灣康寧顯示玻璃股份有限公司,"台灣康寧顯示玻璃股份有限公司  Google搜尋  (出進口廠商英文名稱：CORNING DISPLAY TECHNOLOGIES TAIWAN CO., LTD.) 「國際貿易署廠商英文名稱查詢(限經營出進口或買賣業務者)」",04388145   訂閱,核准設立  「查詢最新營業狀況請至 財政部稅務入口網 」,"70,689,254,000",張錚(John Zhang),中部科學園區臺中市西屯區科園路1號 地址所屬公司家數: 1  電子地圖 
三商美邦人壽保險股份有限公司,"Mercuries Life Insurance Co., Ltd.",84443471   訂閱,核准設立  「查詢最新營業狀況請至 財政部稅務入口網 」,"56,995,010,440",臺北市內湖區石潭路58號1樓 地址所屬公司家數: 1  電子地圖 ,經濟部商業發展署
統一企業股份有限公司,Uni-President Enterprises Corp.,73251209   訂閱,核准設立  「查詢最新營業狀況請至 財政部稅務入口網 」,"56,820,154,210",臺南市永康區中正路301號 地址所屬公司家數: 5  電子地圖 ,經濟部商業發展署
台灣糖業股份有限公司,,03794905   訂閱,核准設立  「查詢最新營業狀況請至 財政部稅務入口網 」,"56,367,498,650",臺南市東區生產路68號 地址所屬公司家數: 1  電子地圖 ,經濟部商業發展署
台灣高速鐵路股份有限公司,台灣高速鐵路股份有限公司  Google搜尋  (出進口廠商英文名稱：TAIWAN HIGH SPEED RAIL CORPORATION) 「國際貿易署廠商英文名稱查詢(限經營出進口或買賣業務者)」,16446274   訂閱,核准設立  「查詢最新營業狀況請至 財政部稅務入口網 」,"120,000,000,000",史哲,臺北市南港區經貿二路66號13~15樓 地址所屬公司家數: 1  電子地圖 
台中商業銀行股份有限公司,,51816908   訂閱,核准設立  「查詢最新營業狀況請至 財政部稅務入口網 」,"55,187,566,830",臺中市西區民權路87號 地址所屬公司家數: 1  電子地圖 ,經濟部商業發展署
長榮航空股份有限公司,長榮航空股份有限公司  Google搜尋  (出進口廠商英文名稱：EVA AIRWAYS CORPORATION) 「國際貿易署廠商英文名稱查詢(限經營出進口或買賣業務者)」,23225229   訂閱,核准設立  「查詢最新營業狀況請至 財政部稅務入口網 」,"70,000,000,000",林寶水,桃園市蘆竹區新南路1段376號 地址所屬公司家數: 1  電子地圖 
遠東新世紀股份有限公司,"遠東新世紀股份有限公司  Google搜尋  (出進口廠商英文名稱：FAR EASTERN NEW CENTURY CORPORATION) 「國際貿易署廠商英文名稱查詢(限經營出進口或買賣業務者)」
098年10月19日 發文號09801241180變更名稱 （前名稱：遠東紡織股份有限公司）",03522600   訂閱,核准設立  「查詢最新營業狀況請至 財政部稅務入口網 」,"60,000,000,000",徐旭東,臺北市大安區敦化南路二段207號36樓 地址所屬公司家數: 6  電子地圖 
桃園國際機場股份有限公司,Taoyuan International Airport Corporation Ltd.,53002013   訂閱,核准設立  「查詢最新營業狀況請至 財政部稅務入口網 」,"51,875,741,440",桃園市大園區航站南路9號 地址所屬公司家數: 3  電子地圖 ,經濟部商業發展署
凱基人壽保險股份有限公司,"凱基人壽保險股份有限公司  Google搜尋  「國際貿易署廠商英文名稱查詢(限經營出進口或買賣業務者)」
112年11月09日 發文號11230158800變更名稱 （前名稱：中國人壽保險股份有限公司）",03434016   訂閱,核准設立  「查詢最新營業狀況請至 財政部稅務入口網 」,"55,000,000,000",王銘陽,臺北市松山區敦化北路135號3、4、5、6、7樓 地址所屬公司家數: 1  電子地圖 
花旗(台灣)商業銀行股份有限公司,花旗(台灣)商業銀行股份有限公司  Google搜尋  「國際貿易署廠商英文名稱查詢(限經營出進口或買賣業務者)」,28421312   訂閱,核准設立  「查詢最新營業狀況請至 財政部稅務入口網 」,"66,033,000,000",張聖心,臺北市信義區松智路1號12、13、14、15、16樓 地址所屬公司家數: 1  電子地圖 
臺灣新光商業銀行股份有限公司,,97172648   訂閱,核准設立  「查詢最新營業狀況請至 財政部稅務入口網 」,"49,815,329,440",臺北市信義區松仁路32號3、4、5、10、19、20、21樓、4樓之1、5樓之1、9樓之1及36號1、3、4、5、10、19、20、21樓、9樓之1 地址所屬公司家數: 1  電子地圖 ,經濟部商業發展署
臺銀人壽保險股份有限公司,,28428384   訂閱,核准設立  「查詢最新營業狀況請至 財政部稅務入口網 」,"49,500,000,000",臺北市大安區敦化南路2段69號6樓 地址所屬公司家數: 1  電子地圖 ,經濟部商業發展署
中租迪和股份有限公司,"中租迪和股份有限公司  Google搜尋  (出進口廠商英文名稱：CHAILEASE FINANCE CO., LTD.) 「國際貿易署廠商英文名稱查詢(限經營出進口或買賣業務者)」",05072925   訂閱,核准設立  「查詢最新營業狀況請至 財政部稅務入口網 」,"49,161,807,000",陳鳳龍,臺北市內湖區瑞光路362號8樓至12樓 地址所屬公司家數: 1  電子地圖 
上海商業儲蓄銀行股份有限公司,上海商業儲蓄銀行股份有限公司  Google搜尋  「國際貿易署廠商英文名稱查詢(限經營出進口或買賣業務者)」,03036306   訂閱,核准設立  「查詢最新營業狀況請至 財政部稅務入口網 」,"60,000,000,000",李慶言,臺北市中山區民權東路一段2號 地址所屬公司家數: 1  電子地圖 
凱基商業銀行股份有限公司,"KGI Bank Co., Ltd.",86517321   訂閱,核准設立  「查詢最新營業狀況請至 財政部稅務入口網 」,"47,036,253,780",臺北市松山區敦化北路135號9樓、10樓、11樓及18樓 地址所屬公司家數: 1  電子地圖 ,經濟部商業發展署
華邦電子股份有限公司,Winbond Electronics Corporation,22099218   訂閱,核准設立  「查詢最新營業狀況請至 財政部稅務入口網 」,"45,000,001,930",中部科學園區臺中市大雅區科雅1路8號 地址所屬公司家數: 1  電子地圖 ,國家科學及技術委員會中部科學園區管理局
萬寶開發股份有限公司,,33688521   訂閱,核准設立  「查詢最新營業狀況請至 財政部稅務入口網 」,"44,459,000,000",臺北市大安區仁愛路四段296號24樓 地址所屬公司家數: 10  電子地圖 ,經濟部商業發展署
匯弘投資股份有限公司,,12545506   訂閱,核准設立  「查詢最新營業狀況請至 財政部稅務入口網 」,"44,380,000,000",臺北市中山區八德路二段308號11樓之1 地址所屬公司家數: 16  電子地圖 ,經濟部商業發展署
矽品精密工業股份有限公司,"SILICONWARE PRECISION INDUSTRIES CO., LTD.",55991080   訂閱,核准設立  「查詢最新營業狀況請至 財政部稅務入口網 」,"44,196,488,780",臺中市潭子區大豐里大豐路三段123號 地址所屬公司家數: 1  電子地圖 ,經濟部商業發展署
日月光投資控股股份有限公司,日月光投資控股股份有限公司  Google搜尋  「國際貿易署廠商英文名稱查詢(限經營出進口或買賣業務者)」,29187308   訂閱,核准設立  「查詢最新營業狀況請至 財政部稅務入口網 」,"55,000,000,000",張虔生,高雄市楠梓區經三路26號 地址所屬公司家數: 3  電子地圖 
仁寶電腦工業股份有限公司,"Compal Electronics, Inc.",21222725   訂閱,核准設立  「查詢最新營業狀況請至 財政部稅務入口網 」,"44,071,466,250",臺北市內湖區瑞光路581號及581之1號 地址所屬公司家數: 2  電子地圖 ,經濟部商業發展署
臺灣菸酒股份有限公司,,03787101   訂閱,核准設立  「查詢最新營業狀況請至 財政部稅務入口網 」,"43,854,999,730",臺北市中正區南昌路一段4號1樓 地址所屬公司家數: 1  電子地圖 ,經濟部商業發展署
遠東國際商業銀行股份有限公司,,86517096   訂閱,核准設立  「查詢最新營業狀況請至 財政部稅務入口網 」,"42,753,997,380",臺北市大安區敦化南路二段205、207、209號1樓 地址所屬公司家數: 1  電子地圖 ,經濟部商業發展署
聯邦商業銀行股份有限公司,UNION BANK OF TAIWAN,86380802   訂閱,核准設立  「查詢最新營業狀況請至 財政部稅務入口網 」,"42,500,728,730",臺北市松山區民生東路三段109號1、2樓 地址所屬公司家數: 2  電子地圖 ,經濟部商業發展署
力晶積成電子製造股份有限公司,Powerchip Semiconductor Manufacturing Corporation,28112667   訂閱,核准設立  「查詢最新營業狀況請至 財政部稅務入口網 」,"41,880,648,010",新竹科學園區新竹市力行一路18號 地址所屬公司家數: 2  電子地圖 ,國家科學及技術委員會新竹科學園區管理局
環電股份有限公司,USI Inc.,24790031   訂閱,核准設立  「查詢最新營業狀況請至 財政部稅務入口網 」,"41,721,016,810",南投縣草屯鎮太平路一段351巷141號 地址所屬公司家數: 3  電子地圖 ,經濟部商業發展署
神達電腦股份有限公司,MITAC INTERNATIONAL CORPORATION,47255708   訂閱,核准設立  「查詢最新營業狀況請至 財政部稅務入口網 」,"40,994,343,360",新竹科學園區新竹縣研發二路1號 地址所屬公司家數: 3  電子地圖 ,國家科學及技術委員會新竹科學園區管理局
華新麗華股份有限公司,華新麗華股份有限公司  Google搜尋  (出進口廠商英文名稱：WALSIN LIHWA CORPORATION) 「國際貿易署廠商英文名稱查詢(限經營出進口或買賣業務者)」,35412204   訂閱,核准設立  「查詢最新營業狀況請至 財政部稅務入口網 」,"65,000,000,000",焦佑倫,臺北市信義區松智路1號25樓 地址所屬公司家數: 4  電子地圖 
允能風力發電股份有限公司,"允能風力發電股份有限公司  Google搜尋  (出進口廠商英文名稱：Yunneng Wind Power Co., Ltd.) 「國際貿易署廠商英文名稱查詢(限經營出進口或買賣業務者)」",72976520   訂閱,核准設立  「查詢最新營業狀況請至 財政部稅務入口網 」,"40,000,000,000",顧賢鉉,臺北市松山區南京東路五段1號8樓 地址所屬公司家數: 1  電子地圖 
鼎越開發股份有限公司,,89614591   訂閱,核准設立  「查詢最新營業狀況請至 財政部稅務入口網 」,"39,460,000,000",臺北市松山區東興路12號地下一層 地址所屬公司家數: 1  電子地圖 ,經濟部商業發展署
廣達電腦股份有限公司,Quanta Computer Inc.,22822281   訂閱,核准設立  「查詢最新營業狀況請至 財政部稅務入口網 」,"38,626,274,320",桃園市龜山區文化里文化二路188號 地址所屬公司家數: 1  電子地圖 ,經濟部商業發展署
陽信商業銀行股份有限公司,Sunny Bank Ltd.,16091049   訂閱,核准設立  「查詢最新營業狀況請至 財政部稅務入口網 」,"37,887,554,030",臺北市中山區集英里中山北路二段156號 地址所屬公司家數: 2  電子地圖 ,經濟部商業發展署
中國石油化學工業開發股份有限公司,CHINA PETROCHEMICAL DEVELOPMENT CORPORATION,03084741   訂閱,核准設立  「查詢最新營業狀況請至 財政部稅務入口網 」,"37,848,501,300",高雄市大社區經建路1號 地址所屬公司家數: 1  電子地圖 ,經濟部商業發展署
霖園投資股份有限公司,,04216170   訂閱,核准設立  「查詢最新營業狀況請至 財政部稅務入口網 」,"37,416,200,000",臺北市大安區仁愛路四段296號24樓 地址所屬公司家數: 10  電子地圖 ,經濟部商業發展署
台灣大哥大股份有限公司,"台灣大哥大股份有限公司  Google搜尋  (出進口廠商英文名稱：TAIWAN MOBILE CO., LTD.) 「國際貿易署廠商英文名稱查詢(限經營出進口或買賣業務者)」",97176270   訂閱,核准設立  「查詢最新營業狀況請至 財政部稅務入口網 」,"60,000,000,000",蔡明忠,臺北市信義區菸廠路88號12樓 地址所屬公司家數: 1  電子地圖 
台塑資源股份有限公司,,54327209   訂閱,核准設立  「查詢最新營業狀況請至 財政部稅務入口網 」,"36,396,285,000",臺北市內湖區石潭里南京東路六段380號8樓 地址所屬公司家數: 1  電子地圖 ,經濟部商業發展署
遠傳電信股份有限公司,"遠傳電信股份有限公司  Google搜尋  (出進口廠商英文名稱：FAR EASTONE TELECOMMUNICATIONS CO., LTD.) 「國際貿易署廠商英文名稱查詢(限經營出進口或買賣業務者)」",97179430   訂閱,核准設立  「查詢最新營業狀況請至 財政部稅務入口網 」,"42,000,000,000",徐旭東,臺北市內湖區瑞光路468號5樓 地址所屬公司家數: 3  電子地圖 
英業達股份有限公司,INVENTEC CORPORATION,04322046   訂閱,核准設立  「查詢最新營業狀況請至 財政部稅務入口網 」,"35,874,750,660",臺北市士林區後港街66號 地址所屬公司家數: 1  電子地圖 ,經濟部商業發展署
亞洲水泥股份有限公司,,03244509   訂閱,核准設立  「查詢最新營業狀況請至 財政部稅務入口網 」,"35,465,628,810",臺北市大安區敦化南路2段207號30、31樓 地址所屬公司家數: 1  電子地圖 ,經濟部商業發展署
國票金融控股股份有限公司,"IBF Financial Holdings Co., Ltd.",80330257   訂閱,核准設立  「查詢最新營業狀況請至 財政部稅務入口網 」,"35,321,896,290",臺北市中山區樂群三路126、128、130、132號17樓及128號7樓、9樓 地址所屬公司家數: 1  電子地圖 ,經濟部商業發展署
陽明海運股份有限公司,,04200199   訂閱,核准設立  「查詢最新營業狀況請至 財政部稅務入口網 」,"34,921,042,700",基隆市七堵區明德一路271號 地址所屬公司家數: 1  電子地圖 ,經濟部商業發展署
滙豐(台灣)商業銀行股份有限公司,滙豐(台灣)商業銀行股份有限公司  Google搜尋  「國際貿易署廠商英文名稱查詢(限經營出進口或買賣業務者)」,28990720   訂閱,核准設立  「查詢最新營業狀況請至 財政部稅務入口網 」,"35,000,000,000",紀睿明,臺北市信義區信義路五段7號54樓 地址所屬公司家數: 3  電子地圖 
遠雄巨蛋事業股份有限公司,,27946233   訂閱,核准設立  「查詢最新營業狀況請至 財政部稅務入口網 」,"33,225,000,000",臺北市信義區忠孝東路四段515號 地址所屬公司家數: 1  電子地圖 ,經濟部商業發展署
正新橡膠工業股份有限公司,"CHENG SHIN RUBBER IND. CO., LTD.",59504506   訂閱,核准設立  「查詢最新營業狀況請至 財政部稅務入口網 」,"32,414,155,360",彰化縣大村鄉黃厝村美港路215號 地址所屬公司家數: 1  電子地圖 ,經濟部商業發展署
緯創資通股份有限公司,緯創資通股份有限公司  Google搜尋  (出進口廠商英文名稱：WISTRON CORPORATION) 「國際貿易署廠商英文名稱查詢(限經營出進口或買賣業務者)」,12868358   訂閱,核准設立  「查詢最新營業狀況請至 財政部稅務入口網 」,"40,000,000,000",林憲銘,新竹縣竹北市智慧路1號 地址所屬公司家數: 1  電子地圖 
南亞科技股份有限公司,,89390656   訂閱,核准設立  「查詢最新營業狀況請至 財政部稅務入口網 」,"30,986,278,940",新北市泰山區大科里南林路98號 地址所屬公司家數: 1  電子地圖 ,經濟部商業發展署
麥寮汽電股份有限公司,MAI-LIAO POWER CORPORATION,96975970   訂閱,核准設立  「查詢最新營業狀況請至 財政部稅務入口網 」,"30,639,004,000",雲林縣麥寮鄉中興村台塑工業園區1號之1 地址所屬公司家數: 7  電子地圖 ,經濟部商業發展署
王道商業銀行股份有限公司,"O-Bank Co., Ltd.",70745361   訂閱,核准設立  「查詢最新營業狀況請至 財政部稅務入口網 」,"30,553,578,780",臺北市內湖區堤頂大道二段99號 地址所屬公司家數: 4  電子地圖 ,經濟部商業發展署
宏碁股份有限公司,Acer Incorporated,20828393   訂閱,核准設立  「查詢最新營業狀況請至 財政部稅務入口網 」,"30,478,538,280",臺北市松山區民福里復興北路369號7樓之5 地址所屬公司家數: 3  電子地圖 ,經濟部商業發展署
大彰化東南離岸風力發電股份有限公司,Greater Changhua Offshore Wind Farm SE Ltd.,85122383   訂閱,核准設立  「查詢最新營業狀況請至 財政部稅務入口網 」,"30,435,000,000",彰化縣彰化市華山路37號11樓之2 地址所屬公司家數: 4  電子地圖 ,經濟部商業發展署
合迪股份有限公司,"FINA FINANCE & TRADING CO., LTD.",22424994   訂閱,核准設立  「查詢最新營業狀況請至 財政部稅務入口網 」,"30,309,635,000",臺北市內湖區瑞光路362號3樓 地址所屬公司家數: 5  電子地圖 ,經濟部商業發展署
迅捷投資股份有限公司,,70761592   訂閱,核准設立  「查詢最新營業狀況請至 財政部稅務入口網 」,"30,115,768,730",臺北市內湖區西康里內湖路一段66號8樓 地址所屬公司家數: 2  電子地圖 ,經濟部商業發展署
綠點高新科技股份有限公司,"綠點高新科技股份有限公司  Google搜尋  (出進口廠商英文名稱：TAIWAN GREEN POINT ENTERPRISES CO., LTD.) 「國際貿易署廠商英文名稱查詢(限經營出進口或買賣業務者)」",12800766   訂閱,核准設立  「查詢最新營業狀況請至 財政部稅務入口網 」,"30,101,165,000",施瑞恩(Ryan Matthew Schwartz),臺中市大雅區員林里神林路一段256號 地址所屬公司家數: 1  電子地圖 
星宇航空股份有限公司,"STARLUX AIRLINES CO., LTD.",51712072   訂閱,核准設立  「查詢最新營業狀況請至 財政部稅務入口網 」,"30,087,350,000",臺北市信義區忠孝東路四段525號11樓 地址所屬公司家數: 3  電子地圖 ,經濟部商業發展署
寶成工業股份有限公司,寶成工業股份有限公司  Google搜尋  (出進口廠商英文名稱：POU CHEN CORPORATION) 「國際貿易署廠商英文名稱查詢(限經營出進口或買賣業務者)」,58711014   訂閱,核准設立  「查詢最新營業狀況請至 財政部稅務入口網 」,"45,000,000,000",吳邦治,彰化縣福興鄉福工路2號 地址所屬公司家數: 8  電子地圖 
瀚宇彩晶股份有限公司,瀚宇彩晶股份有限公司  Google搜尋  (出進口廠商英文名稱：HANNSTAR DISPLAY CORPORATION) 「國際貿易署廠商英文名稱查詢(限經營出進口或買賣業務者)」,16450500   訂閱,核准設立  「查詢最新營業狀況請至 財政部稅務入口網 」,"90,000,000,000",焦佑麒,臺北市內湖區行善路168巷15號4樓 地址所屬公司家數: 2  電子地圖 
特許投資顧問股份有限公司,特許投資顧問股份有限公司  Google搜尋  (出進口廠商英文名稱：CHARTER INVESTMENTS LIMITED) 「國際貿易署廠商英文名稱查詢(限經營出進口或買賣業務者)」,53104757   訂閱,核准設立  「查詢最新營業狀況請至 財政部稅務入口網 」,"29,319,778,170",Svilen Ivanov Karaivanov,彰化縣線西鄉彰濱西二路85號 地址所屬公司家數: 1  電子地圖 
渣打國際商業銀行股份有限公司,"渣打國際商業銀行股份有限公司  Google搜尋  「國際貿易署廠商英文名稱查詢(限經營出進口或買賣業務者)」
096年07月02日 發文號09601142060變更名稱 （前名稱：新竹國際商業銀行股份有限公司）",46479103   訂閱,核准設立  「查詢最新營業狀況請至 財政部稅務入口網 」,"30,000,000,000",John Ming Kiu Tan 陳銘僑,臺北市中山區遼寧街177號1樓及179號3樓至6樓、17樓至19樓 地址所屬公司家數: 1  電子地圖 
台灣玻璃工業股份有限公司,台灣玻璃工業股份有限公司  Google搜尋  (出進口廠商英文名稱：TAIWAN GLASS INDUSTRY CORP.) 「國際貿易署廠商英文名稱查詢(限經營出進口或買賣業務者)」,11914002   訂閱,核准設立  「查詢最新營業狀況請至 財政部稅務入口網 」,"30,000,000,000",林伯豐,臺北市松山區南京東路三段261號11樓 地址所屬公司家數: 9  電子地圖 
台泥循環能源科技股份有限公司,TCC RECYCLE ENERGY TECHNOLOGY COMPANY,82908184   訂閱,核准設立  「查詢最新營業狀況請至 財政部稅務入口網 」,"28,450,979,180",臺北市中山區中山北路二段113號11樓 地址所屬公司家數: 8  電子地圖 ,經濟部商業發展署
潤泰創新國際股份有限公司,,12139612   訂閱,核准設立  「查詢最新營業狀況請至 財政部稅務入口網 」,"28,442,250,860",臺北市中山區八德路二段308號11樓之1 地址所屬公司家數: 16  電子地圖 ,經濟部商業發展署
萬海航運股份有限公司,萬海航運股份有限公司  Google搜尋  (出進口廠商英文名稱：WAN HAI LINES LTD.) 「國際貿易署廠商英文名稱查詢(限經營出進口或買賣業務者)」,11395000   訂閱,核准設立  「查詢最新營業狀況請至 財政部稅務入口網 」,"36,000,000,000",久福花園股份有限公司,臺北市中山區松江路136號10樓 地址所屬公司家數: 3  電子地圖 
能元科技股份有限公司,E-One Moli Energy Corp.,16441469   訂閱,核准設立  「查詢最新營業狀況請至 財政部稅務入口網 」,"27,663,107,030",南部科學園區臺南市善化區大利二路10號 地址所屬公司家數: 1  電子地圖 ,國家科學及技術委員會南部科學園區管理局
亞東石化股份有限公司,"Oriental Petrochemical (Taiwan) Co., Ltd.",22318678   訂閱,核准設立  「查詢最新營業狀況請至 財政部稅務入口網 」,"27,660,929,670",桃園市觀音區觀音工業區經建四路47號 地址所屬公司家數: 1  電子地圖 ,經濟部商業發展署
元大人壽保險股份有限公司,,80329815   訂閱,核准設立  「查詢最新營業狀況請至 財政部稅務入口網 」,"27,201,071,830",臺北市松山區民生東路三段156號17樓 地址所屬公司家數: 1  電子地圖 ,經濟部商業發展署
全國農業金庫股份有限公司,,27253935   訂閱,核准設立  「查詢最新營業狀況請至 財政部稅務入口網 」,"26,965,034,940",臺北市中正區館前路77號6至11樓 地址所屬公司家數: 1  電子地圖 ,經濟部商業發展署
和碩聯合科技股份有限公司,PEGATRON CORPORATION,28689155   訂閱,核准設立  「查詢最新營業狀況請至 財政部稅務入口網 」,"26,631,576,030",臺北市北投區立功街76號5樓 地址所屬公司家數: 1  電子地圖 ,經濟部商業發展署
燁聯鋼鐵股份有限公司,,23218395   訂閱,核准設立  「查詢最新營業狀況請至 財政部稅務入口網 」,"26,204,136,000",高雄市岡山區興隆街600號 地址所屬公司家數: 1  電子地圖 ,經濟部商業發展署
台達電子工業股份有限公司,"台達電子工業股份有限公司  Google搜尋  (出進口廠商英文名稱：DELTA ELECTRONICS, INC.) 「國際貿易署廠商英文名稱查詢(限經營出進口或買賣業務者)」",34051920   訂閱,核准設立  「查詢最新營業狀況請至 財政部稅務入口網 」,"40,000,000,000",鄭　平,桃園市龜山區山頂里興邦路31之1號 地址所屬公司家數: 1  電子地圖 
大成不銹鋼工業股份有限公司,"Ta Chen Stainless Pipe Co., Ltd.",22318348   訂閱,核准設立  「查詢最新營業狀況請至 財政部稅務入口網 」,"24,342,606,150",臺南市仁德區新田二街125號 地址所屬公司家數: 1  電子地圖 ,經濟部商業發展署
乾坤科技股份有限公司,"CYNTEC CO.,LTD.",22099836   訂閱,核准設立  「查詢最新營業狀況請至 財政部稅務入口網 」,"23,412,043,330",新竹科學園區新竹縣寶山鄉研發二路2號 地址所屬公司家數: 1  電子地圖 ,國家科學及技術委員會新竹科學園區管理局
光寶科技股份有限公司,LITE-ON TECHNOLOGY CORPORATION,23357403   訂閱,核准設立  「查詢最新營業狀況請至 財政部稅務入口網 」,"23,411,787,630",臺北市內湖區瑞光路392號22樓 地址所屬公司家數: 2  電子地圖 ,經濟部商業發展署
明東實業股份有限公司,,11326855   訂閱,核准設立  「查詢最新營業狀況請至 財政部稅務入口網 」,"22,325,870,860",臺北市中正區銅山街13號2樓 地址所屬公司家數: 4  電子地圖 ,經濟部商業發展署
大同股份有限公司,大同股份有限公司  Google搜尋  (出進口廠商英文名稱：Tatung Company) 「國際貿易署廠商英文名稱查詢(限經營出進口或買賣業務者)」,11026506   訂閱,核准設立  「查詢最新營業狀況請至 財政部稅務入口網 」,"100,000,000,000",王光祥,臺北市中山區集英里21鄰中山北路三段22號 地址所屬公司家數: 1  電子地圖 
台灣三元能源科技股份有限公司,Molie Quantum Energy Corporation,90838471   訂閱,核准設立  「查詢最新營業狀況請至 財政部稅務入口網 」,"22,001,000,000",臺北市中山區中山北路二段113號11樓 地址所屬公司家數: 8  電子地圖 ,經濟部商業發展署
群益金鼎證券股份有限公司,,22956035   訂閱,核准設立  「查詢最新營業狀況請至 財政部稅務入口網 」,"21,709,080,970",臺北市松山區民生東路三段156號7樓之5、11樓之1~之3、11樓之6、12樓、12樓之1~之3、12樓之5~之6、13樓、13樓之1~之3、13樓之5~之6、14樓之1~之3、14樓之5~之6、15樓之5、16樓之3 地址所屬公司家數: 1  電子地圖 ,經濟部商業發展署
長榮海運股份有限公司,長榮海運股份有限公司  Google搜尋  (出進口廠商英文名稱：EVERGREEN MARINE CORPORATION (TAIWAN) LTD.) 「國際貿易署廠商英文名稱查詢(限經營出進口或買賣業務者)」,11337775   訂閱,核准設立  「查詢最新營業狀況請至 財政部稅務入口網 」,"70,000,000,000",張衍義,臺北市中山區民生東路二段166號1至4樓 地址所屬公司家數: 1  電子地圖 
東元電機股份有限公司,"東元電機股份有限公司  Google搜尋  (出進口廠商英文名稱：TECO ELECTRIC & MACHINERY CO., LTD.) 「國際貿易署廠商英文名稱查詢(限經營出進口或買賣業務者)」",11332202   訂閱,核准設立  「查詢最新營業狀況請至 財政部稅務入口網 」,"30,305,500,000",利明献,臺北市南港區三重路19-9號5樓 地址所屬公司家數: 1  電子地圖 
台灣固網股份有限公司,,28468548   訂閱,核准設立  「查詢最新營業狀況請至 財政部稅務入口網 」,"21,000,000,000",臺北市大安區基隆路二段172-1號15樓 地址所屬公司家數: 1  電子地圖 ,經濟部商業發展署
新世紀資通股份有限公司,,70774626   訂閱,核准設立  「查詢最新營業狀況請至 財政部稅務入口網 」,"21,000,000,000",臺北市內湖區港墘路220號10樓 地址所屬公司家數: 1  電子地圖 ,經濟部商業發展署
道盈實業股份有限公司,"Dao Ying CO., Ltd.",05067562   訂閱,核准設立  「查詢最新營業狀況請至 財政部稅務入口網 」,"20,923,146,600",臺北市中正區銅山街13號2樓 地址所屬公司家數: 4  電子地圖 ,經濟部商業發展署
華創車電技術中心股份有限公司,,27932239   訂閱,核准設立  「查詢最新營業狀況請至 財政部稅務入口網 」,"20,736,001,200",新北市新店區中興路三段3號2樓 地址所屬公司家數: 15  電子地圖 ,經濟部商業發展署
興富發建設股份有限公司,Highwealth Construction corp.,12305479   訂閱,核准設立  「查詢最新營業狀況請至 財政部稅務入口網 」,"20,705,557,510",臺北市中山區樂群二路267號10樓 地址所屬公司家數: 4  電子地圖 ,經濟部商業發展署
中華開發資本股份有限公司,CDIB Capital Group,11147207   訂閱,核准設立  「查詢最新營業狀況請至 財政部稅務入口網 」,"20,411,159,130",臺北市松山區敦化北路135號12及18樓 地址所屬公司家數: 1  電子地圖 ,經濟部商業發展署
諧永投資股份有限公司,,27989078   訂閱,核准設立  「查詢最新營業狀況請至 財政部稅務入口網 」,"20,260,495,470",臺北市內湖區西康里內湖路一段66號8樓 地址所屬公司家數: 2  電子地圖 ,經濟部商業發展署
台朔重工股份有限公司,,23986634   訂閱,核准設立  「查詢最新營業狀況請至 財政部稅務入口網 」,"20,094,771,740",高雄市仁武區竹後里水管路100號 地址所屬公司家數: 2  電子地圖 ,經濟部商業發展署
寶佳資產管理股份有限公司,,42856999   訂閱,核准設立  「查詢最新營業狀況請至 財政部稅務入口網 」,"20,030,090,650",臺北市內湖區行善路469號10樓 地址所屬公司家數: 1  電子地圖 ,經濟部商業發展署
合陽管理顧問股份有限公司,,27463361   訂閱,核准設立  「查詢最新營業狀況請至 財政部稅務入口網 」,"20,000,000,000",新北市五股區成泰路1段2號9樓 地址所屬公司家數: 13  電子地圖 ,經濟部商業發展署
凱擘股份有限公司,,80173221   訂閱,核准設立  「查詢最新營業狀況請至 財政部稅務入口網 」,"19,937,687,700",臺北市中山區八德路2段260號9樓 地址所屬公司家數: 3  電子地圖 ,經濟部商業發展署
遠東建設事業股份有限公司,,05151717   訂閱,核准設立  「查詢最新營業狀況請至 財政部稅務入口網 」,"30,000,000,000",趙文嘉,臺北市信義區基隆路一段200號24樓 地址所屬公司家數: 1  電子地圖 
安泰商業銀行股份有限公司,安泰商業銀行股份有限公司  Google搜尋  「國際貿易署廠商英文名稱查詢(限經營出進口或買賣業務者)」,86928561   訂閱,核准設立  「查詢最新營業狀況請至 財政部稅務入口網 」,"47,600,000,000",俞宇琦,臺北市信義區西村里信義路五段7號16樓、40樓、41樓 地址所屬公司家數: 1  電子地圖 
燁輝企業股份有限公司,"Yieh Phui Enterprise Co., Ltd.",75947936   訂閱,核准設立  「查詢最新營業狀況請至 財政部稅務入口網 」,"19,519,972,140",高雄市橋頭區芋寮路369號 地址所屬公司家數: 1  電子地圖 ,經濟部商業發展署
寶鑫國際投資股份有限公司,,16636534   訂閱,核准設立  「查詢最新營業狀況請至 財政部稅務入口網 」,"19,278,017,700",新北市新店區復興里北新路三段207-1號15樓 地址所屬公司家數: 4  電子地圖 ,經濟部商業發展署
佳世達科技股份有限公司,Qisda Corporation,12490306   訂閱,核准設立  「查詢最新營業狀況請至 財政部稅務入口網 」,"19,274,469,580",桃園市龜山區山鶯路157號 地址所屬公司家數: 1  電子地圖 ,經濟部商業發展署
楷榮股份有限公司,"楷榮股份有限公司  Google搜尋  (出進口廠商英文名稱：KKY Co., Ltd.) 「國際貿易署廠商英文名稱查詢(限經營出進口或買賣業務者)」",50864590   訂閱,核准設立  「查詢最新營業狀況請至 財政部稅務入口網 」,"19,132,000,000",洪再興,臺北市松山區八德路四段85號3樓 地址所屬公司家數: 1  電子地圖 
好市多股份有限公司,"好市多股份有限公司  Google搜尋  (出進口廠商英文名稱：Costco Wholesale Taiwan, Inc.) 「國際貿易署廠商英文名稱查詢(限經營出進口或買賣業務者)」",96972798   訂閱,核准設立  「查詢最新營業狀況請至 財政部稅務入口網 」,"19,100,000,000",趙建華,高雄市前鎮區中華五路656號 地址所屬公司家數: 1  電子地圖 
世平興業股份有限公司,,05091774   訂閱,核准設立  「查詢最新營業狀況請至 財政部稅務入口網 」,"18,888,900,000",臺北市南港區經貿二路189號8樓 地址所屬公司家數: 1  電子地圖 ,經濟部商業發展署
世界先進積體電路股份有限公司,Vanguard International Semiconductor Corporation,84149358   訂閱,核准設立  「查詢最新營業狀況請至 財政部稅務入口網 」,"18,676,444,720",新竹科學園區新竹縣園區三路123號 地址所屬公司家數: 1  電子地圖 ,國家科學及技術委員會新竹科學園區管理局
大彰化西南離岸風力發電股份有限公司,大彰化西南離岸風力發電股份有限公司  Google搜尋  (出進口廠商英文名稱：Greater Changhua Offshore Wind Farm SW Ltd.) 「國際貿易署廠商英文名稱查詢(限經營出進口或買賣業務者)」,85122834   訂閱,核准設立  「查詢最新營業狀況請至 財政部稅務入口網 」,"18,585,000,000",楊雅雯,彰化縣彰化市華山路37號11樓之2 地址所屬公司家數: 4  電子地圖 
旺宏電子股份有限公司,"旺宏電子股份有限公司  Google搜尋  (出進口廠商英文名稱：MACRONIX INTERNATIONAL CO., LTD.) 「國際貿易署廠商英文名稱查詢(限經營出進口或買賣業務者)」",22099548   訂閱,核准設立  「查詢最新營業狀況請至 財政部稅務入口網 」,"65,500,000,000",吳敏求,新竹科學園區新竹市力行路16號 地址所屬公司家數: 2  電子地圖 
國際票券金融股份有限公司,International Bills Finance Corporation,12100285   訂閱,核准設立  「查詢最新營業狀況請至 財政部稅務入口網 」,"18,480,000,000",臺北市中山區樂群三路128號8-10樓 地址所屬公司家數: 1  電子地圖 ,經濟部商業發展署
板信商業銀行股份有限公司,,16093877   訂閱,核准設立  「查詢最新營業狀況請至 財政部稅務入口網 」,"18,374,321,760",新北市板橋區縣民大道二段68號 地址所屬公司家數: 13  電子地圖 ,經濟部商業發展署
遠鼎投資股份有限公司,Yuan Ding Investment Corporation,22266828   訂閱,核准設立  「查詢最新營業狀況請至 財政部稅務入口網 」,"18,338,262,300",臺北市大安區敦化南路二段207號34樓 地址所屬公司家數: 14  電子地圖 ,經濟部商業發展署
高雄銀行股份有限公司,"BANK OF KAOHSIUNG CO., LTD.",79854797   訂閱,核准設立  「查詢最新營業狀況請至 財政部稅務入口網 」,"18,263,271,700",高雄市左營區博愛二路168號 地址所屬公司家數: 1  電子地圖 ,經濟部商業發展署
凱基證券股份有限公司,KGI Securities Co. Ltd.,23111915   訂閱,核准設立  「查詢最新營業狀況請至 財政部稅務入口網 」,"18,174,785,440",臺北市中山區成功里明水路698號3樓、700號3樓 地址所屬公司家數: 1  電子地圖 ,經濟部商業發展署
奇美實業股份有限公司,奇美實業股份有限公司  Google搜尋  (出進口廠商英文名稱：CHIMEI CORPORATION) 「國際貿易署廠商英文名稱查詢(限經營出進口或買賣業務者)」,68387705   訂閱,核准設立  「查詢最新營業狀況請至 財政部稅務入口網 」,"19,600,000,000",許春華,臺南市仁德區中正路一段398號 地址所屬公司家數: 1  電子地圖 
頂安開發股份有限公司,,25133560   訂閱,核准設立  「查詢最新營業狀況請至 財政部稅務入口網 」,"17,426,547,320",臺北市內湖區內湖路1段66號6樓 地址所屬公司家數: 11  電子地圖 ,經濟部商業發展署
鴻華先進科技股份有限公司,"Foxtron Vehicle Technologies Co., Ltd.",83167722   訂閱,核准設立  「查詢最新營業狀況請至 財政部稅務入口網 」,"17,413,140,000",新北市新店區寶高路26號7樓 地址所屬公司家數: 1  電子地圖 ,經濟部商業發展署
聯華實業控股股份有限公司,"聯華實業控股股份有限公司  Google搜尋  (出進口廠商英文名稱：LIEN HWA INDUSTRIAL CORP.) 「國際貿易署廠商英文名稱查詢(限經營出進口或買賣業務者)」
113年06月18日 發文號11330094640變更名稱 （前名稱：聯華實業投資控股股份有限公司）",11996904   訂閱,核准設立  「查詢最新營業狀況請至 財政部稅務入口網 」,"25,000,000,000",苗豐強,臺北市南港區南港路一段209號10樓 地址所屬公司家數: 11  電子地圖 
台塑新智能科技股份有限公司,Formosa Smart Energy Tech Corporation,90340178   訂閱,核准設立  「查詢最新營業狀況請至 財政部稅務入口網 」,"17,000,000,000",臺北市內湖區石潭里南京東路六段380號9樓 地址所屬公司家數: 3  電子地圖 ,經濟部商業發展署
中國人造纖維股份有限公司,,07066907   訂閱,核准設立  「查詢最新營業狀況請至 財政部稅務入口網 」,"16,859,057,450",高雄市大社區經建路8號 地址所屬公司家數: 1  電子地圖 ,經濟部商業發展署
福懋興業股份有限公司,,14001199   訂閱,核准設立  「查詢最新營業狀況請至 財政部稅務入口網 」,"16,846,646,370",雲林縣斗六市榴中里石榴路317號 地址所屬公司家數: 1  電子地圖 ,經濟部商業發展署
大聯大控股股份有限公司,,27928328   訂閱,核准設立  「查詢最新營業狀況請至 財政部稅務入口網 」,"16,790,568,330",臺北市南港區經貿二路189號22樓 地址所屬公司家數: 4  電子地圖 ,經濟部商業發展署
聯強國際股份有限公司,聯強國際股份有限公司  Google搜尋  (出進口廠商英文名稱：SYNNEX TECHNOLOGY INTERNATIONAL CORPORATION) 「國際貿易署廠商英文名稱查詢(限經營出進口或買賣業務者)」,23060541   訂閱,核准設立  「查詢最新營業狀況請至 財政部稅務入口網 」,"24,000,000,000",苗豐強,臺北市南港區市民大道八段205號27樓 地址所屬公司家數: 1  電子地圖 
永豐金證券股份有限公司,SinoPac Securities Corporation,23113343   訂閱,核准設立  「查詢最新營業狀況請至 財政部稅務入口網 」,"16,647,986,300",臺北市中正區重慶南路一段2號7樓、18樓及20樓 地址所屬公司家數: 1  電子地圖 ,經濟部商業發展署
海龍二號風電股份有限公司,"海龍二號風電股份有限公司  Google搜尋  (出進口廠商英文名稱：Hai Long 2 Offshore Wind Power Co., Ltd.) 「國際貿易署廠商英文名稱查詢(限經營出進口或買賣業務者)」",90275367   訂閱,核准設立  「查詢最新營業狀況請至 財政部稅務入口網 」,"23,925,375,010",Tobias Charles Edmonds,彰化縣彰化市中山路一段375號12樓 地址所屬公司家數: 2  電子地圖 
永豐餘投資控股股份有限公司,YFY Inc.,85066002   訂閱,核准設立  「查詢最新營業狀況請至 財政部稅務入口網 」,"16,603,714,950",高雄市大樹區久堂里久堂路14號 地址所屬公司家數: 1  電子地圖 ,經濟部商業發展署
臺南紡織股份有限公司,"TAINAN SPINNING CO., LTD.",68919301   訂閱,核准設立  「查詢最新營業狀況請至 財政部稅務入口網 」,"16,568,158,570",臺南市東區裕農路511號 地址所屬公司家數: 2  電子地圖 ,經濟部商業發展署
百揚投資股份有限公司,,23418577   訂閱,核准設立  「查詢最新營業狀況請至 財政部稅務入口網 」,"16,549,911,270",新北市板橋區新站路16號18樓 地址所屬公司家數: 7  電子地圖 ,經濟部商業發展署
海龍三號風電股份有限公司,"海龍三號風電股份有限公司  Google搜尋  (出進口廠商英文名稱：Hai Long 3 Offshore Wind Power Co., Ltd.) 「國際貿易署廠商英文名稱查詢(限經營出進口或買賣業務者)」",90275401   訂閱,核准設立  「查詢最新營業狀況請至 財政部稅務入口網 」,"22,988,125,010",Tobias Charles Edmonds,彰化縣彰化市中山路一段375號12樓 地址所屬公司家數: 2  電子地圖 
聯合再生能源股份有限公司,"聯合再生能源股份有限公司  Google搜尋  (出進口廠商英文名稱：United Renewable Energy Co., Ltd.) 「國際貿易署廠商英文名稱查詢(限經營出進口或買賣業務者)」
107年10月18日 發文號1070029722變更名稱 （前名稱：新日光能源科技股份有限公司）",27763753   訂閱,核准設立  「查詢最新營業狀況請至 財政部稅務入口網 」,"36,000,000,000",洪傳獻,新竹科學園區新竹市力行三路7號 地址所屬公司家數: 3  電子地圖 
富邦綜合證券股份有限公司,"Fubon Securities Co., Ltd.",22957301   訂閱,核准設立  「查詢最新營業狀況請至 財政部稅務入口網 」,"16,258,551,470",臺北市大安區仁愛路四段169號3、4樓 地址所屬公司家數: 1  電子地圖 ,經濟部商業發展署
太子建設開發股份有限公司,,72058206   訂閱,核准設立  「查詢最新營業狀況請至 財政部稅務入口網 」,"16,233,261,470",臺南市東區中華東路1段398號8樓 地址所屬公司家數: 4  電子地圖 ,經濟部商業發展署
鴻揚創業投資股份有限公司,,97164611   訂閱,核准設立  「查詢最新營業狀況請至 財政部稅務入口網 」,"16,222,902,100",新北市新店區復興里北新路三段207號15樓 地址所屬公司家數: 2  電子地圖 ,經濟部商業發展署
新光合成纖維股份有限公司,新光合成纖維股份有限公司  Google搜尋  (出進口廠商英文名稱：SHINKONG SYNTHETIC FIBERS CORP.) 「國際貿易署廠商英文名稱查詢(限經營出進口或買賣業務者)」,07435515   訂閱,核准設立  「查詢最新營業狀況請至 財政部稅務入口網 」,"28,000,000,000",吳東昇,臺北市大安區仁愛路3段136號5樓 地址所屬公司家數: 23  電子地圖 
元富證券股份有限公司,MasterLink Securities Corporation,23357868   訂閱,核准設立  「查詢最新營業狀況請至 財政部稅務入口網 」,"16,096,098,560",臺北市大安區復興南路一段209號1至3樓 地址所屬公司家數: 1  電子地圖 ,經濟部商業發展署
聯發科技股份有限公司,聯發科技股份有限公司  Google搜尋  (出進口廠商英文名稱：MEDIATEK INC.) 「國際貿易署廠商英文名稱查詢(限經營出進口或買賣業務者)」,84149961   訂閱,核准設立  「查詢最新營業狀況請至 財政部稅務入口網 」,"20,000,000,000",蔡明介,新竹科學園區新竹市篤行一路1號 地址所屬公司家數: 1  電子地圖 
統一實業股份有限公司,統一實業股份有限公司  Google搜尋  (出進口廠商英文名稱：TON YI INDUSTRIAL CORP.) 「國際貿易署廠商英文名稱查詢(限經營出進口或買賣業務者)」,73252657   訂閱,核准設立  「查詢最新營業狀況請至 財政部稅務入口網 」,"17,847,009,180",羅智先,臺南市永康區中正北路837號 地址所屬公司家數: 1  電子地圖 
彰芳風力發電股份有限公司,"Changfang Wind Power Co., Ltd.",42369695   訂閱,核准設立  「查詢最新營業狀況請至 財政部稅務入口網 」,"15,309,860,700",彰化縣彰化市中華西路369號10樓之1 地址所屬公司家數: 3  電子地圖 ,經濟部商業發展署
中華工程股份有限公司,,75094900   訂閱,核准設立  「查詢最新營業狀況請至 財政部稅務入口網 」,"15,308,998,220",臺北市松山區新聚里東興路12號6樓 地址所屬公司家數: 1  電子地圖 ,經濟部商業發展署
欣興電子股份有限公司,Unimicron Technology Corp.,23535435   訂閱,核准設立  「查詢最新營業狀況請至 財政部稅務入口網 」,"15,296,761,970",桃園市龜山區山鶯路179號 地址所屬公司家數: 1  電子地圖 ,經濟部商業發展署
兆豐票券金融股份有限公司,"MEGA BILLS FINANCE CO., LTD.",14067826   訂閱,核准設立  「查詢最新營業狀況請至 財政部稅務入口網 」,"15,114,410,840",臺北市中正區衡陽路91號地下1樓、2-5樓、10樓 地址所屬公司家數: 1  電子地圖 ,經濟部商業發展署
金寶電子工業股份有限公司,"Kinpo Electronics, Inc.",04370927   訂閱,核准設立  「查詢最新營業狀況請至 財政部稅務入口網 」,"15,048,392,110",臺北市松山區南京東路五段99號10樓 地址所屬公司家數: 6  電子地圖 ,經濟部商業發展署
連線商業銀行股份有限公司,LINE Bank Taiwan Limited,83477590   訂閱,核准設立  「查詢最新營業狀況請至 財政部稅務入口網 」,"15,000,000,000",臺北市內湖區瑞光路333號3樓及4樓 地址所屬公司家數: 1  電子地圖 ,經濟部商業發展署
台北金融大樓股份有限公司,,16095410   訂閱,核准設立  「查詢最新營業狀況請至 財政部稅務入口網 」,"14,700,000,000",臺北市信義區市府路45號B1-5F、B1之1、4F之1及6F之1、信義路五段7號59-60樓、89樓、101樓 地址所屬公司家數: 1  電子地圖 ,經濟部商業發展署
統一綜合證券股份有限公司,President Securities Corporation,23218183   訂閱,核准設立  「查詢最新營業狀況請至 財政部稅務入口網 」,"14,558,313,430",臺北市松山區新聚里東興路8號1~7樓、11樓、12樓及地下1樓 地址所屬公司家數: 1  電子地圖 ,經濟部商業發展署
三福氣體股份有限公司,"三福氣體股份有限公司  Google搜尋  (出進口廠商英文名稱：AIR PRODUCTS SAN FU CO., LTD.) 「國際貿易署廠商英文名稱查詢(限經營出進口或買賣業務者)」",11072509   訂閱,核准設立  「查詢最新營業狀況請至 財政部稅務入口網 」,"20,000,000,000",陸可為 Kurt Andre E. Lefevere,臺北市中山區中山北路二段21號5樓 地址所屬公司家數: 3  電子地圖 
渢妙離岸風力發電股份有限公司,"Fengmiao Wind Power Co., Ltd.",88233975   訂閱,核准設立  「查詢最新營業狀況請至 財政部稅務入口網 」,"14,382,787,020",臺北市信義區忠孝東路五段68號26樓 地址所屬公司家數: 15  電子地圖 ,經濟部商業發展署
中鴻鋼鐵股份有限公司,,07838854   訂閱,核准設立  「查詢最新營業狀況請至 財政部稅務入口網 」,"14,355,444,460",高雄市橋頭區芋寮里芋寮路317號 地址所屬公司家數: 1  電子地圖 ,經濟部商業發展署
仲昱電業股份有限公司,"Jung Yu Energy Integration Co., Ltd.",83095755   訂閱,核准設立  「查詢最新營業狀況請至 財政部稅務入口網 」,"14,256,365,650",臺北市內湖區瑞光路362號8樓 地址所屬公司家數: 61  電子地圖 ,經濟部商業發展署
遠東百貨股份有限公司,,03521905   訂閱,核准設立  「查詢最新營業狀況請至 財政部稅務入口網 」,"14,169,405,890",新北市板橋區新站路16號18樓 地址所屬公司家數: 7  電子地圖 ,經濟部商業發展署
鴻準精密工業股份有限公司,"FOXCONN TECHNOLOGY CO., LTD.",23707801   訂閱,核准設立  「查詢最新營業狀況請至 財政部稅務入口網 」,"14,144,851,920",新北市土城區中山路3之2號 地址所屬公司家數: 6  電子地圖 ,經濟部商業發展署
中發控股股份有限公司,中發控股股份有限公司  Google搜尋  「國際貿易署廠商英文名稱查詢(限經營出進口或買賣業務者)」,50806207   訂閱,核准設立  「查詢最新營業狀況請至 財政部稅務入口網 」,"13,992,000,000",,高雄市前鎮區成功二路88號15樓 地址所屬公司家數: 1  電子地圖 
中能發電股份有限公司,China Steel Power Corporation,83529470   訂閱,核准設立  「查詢最新營業狀況請至 財政部稅務入口網 」,"13,986,000,000",彰化縣彰化市中華西路369號10樓之1 地址所屬公司家數: 3  電子地圖 ,經濟部商業發展署
頂基開發股份有限公司,頂基開發股份有限公司  Google搜尋  「國際貿易署廠商英文名稱查詢(限經營出進口或買賣業務者)」,29068963   訂閱,核准設立  「查詢最新營業狀況請至 財政部稅務入口網 」,"19,448,000,000",陳宏隆,臺北市內湖區內湖路1段66號6樓 地址所屬公司家數: 11  電子地圖 
聯成化學科技股份有限公司,聯成化學科技股份有限公司  Google搜尋  (出進口廠商英文名稱：UPC TECHNOLOGY CORPORATION) 「國際貿易署廠商英文名稱查詢(限經營出進口或買賣業務者)」,04748660   訂閱,核准設立  「查詢最新營業狀況請至 財政部稅務入口網 」,"20,000,000,000",苗豐強,臺北市南港區南港路一段209號A棟9樓 地址所屬公司家數: 2  電子地圖 
力晶創新投資控股股份有限公司,"力晶創新投資控股股份有限公司  Google搜尋  (出進口廠商英文名稱：POWERCHIP INVESTMENT HOLDING CORPORATION) 「國際貿易署廠商英文名稱查詢(限經營出進口或買賣業務者)」
111年09月26日 發文號11101184030變更名稱 （前名稱：力晶科技股份有限公司）",84149385   訂閱,核准設立  「查詢最新營業狀況請至 財政部稅務入口網 」,"150,000,000,000",黃崇仁,臺北市中山區南京東路三段70號15樓 地址所屬公司家數: 3  電子地圖 
遠雄人壽保險事業股份有限公司,,84703052   訂閱,核准設立  「查詢最新營業狀況請至 財政部稅務入口網 」,"13,553,995,330",臺北市信義區松高路1號28樓 地址所屬公司家數: 1  電子地圖 ,經濟部商業發展署
和平電力股份有限公司,和平電力股份有限公司  Google搜尋  (出進口廠商英文名稱：HO-PING POWER COMPANY) 「國際貿易署廠商英文名稱查詢(限經營出進口或買賣業務者)」,16096852   訂閱,核准設立  「查詢最新營業狀況請至 財政部稅務入口網 」,"20,000,000,000",張安平,花蓮縣秀林鄉和平村和工二路7號 地址所屬公司家數: 3  電子地圖 
台泥綠能股份有限公司,,23469224   訂閱,核准設立  「查詢最新營業狀況請至 財政部稅務入口網 」,"13,508,986,960",彰化縣線西鄉塭仔村彰濱東一路11號 地址所屬公司家數: 3  電子地圖 ,經濟部商業發展署
中華票券金融股份有限公司,,12198359   訂閱,核准設立  「查詢最新營業狀況請至 財政部稅務入口網 」,"13,429,600,000",臺北市內湖區堤頂大道二段99號4樓 地址所屬公司家數: 1  電子地圖 ,經濟部商業發展署
臺灣證券交易所股份有限公司,,03559508   訂閱,核准設立  「查詢最新營業狀況請至 財政部稅務入口網 」,"13,324,726,480",臺北市信義區西村里8鄰信義路五段7號9樓 地址所屬公司家數: 1  電子地圖 ,經濟部商業發展署
榮成紙業股份有限公司,"Longchen Paper & Packaging Co., Ltd.",34202841   訂閱,核准設立  「查詢最新營業狀況請至 財政部稅務入口網 」,"13,276,857,270",彰化縣二林鎮廣興里廣興巷1之1號 地址所屬公司家數: 2  電子地圖 ,經濟部商業發展署
統一國際開發股份有限公司,President International Development Corp.,16095002   訂閱,核准設立  「查詢最新營業狀況請至 財政部稅務入口網 」,"13,230,000,000",臺北市信義區松高路11號10樓 地址所屬公司家數: 5  電子地圖 ,經濟部商業發展署
凱友投資股份有限公司,"Kai Yu Investment Co., Ltd.",84442590   訂閱,核准設立  「查詢最新營業狀況請至 財政部稅務入口網 」,"13,192,534,290",臺南市永康區自強路340號 地址所屬公司家數: 7  電子地圖 ,經濟部商業發展署
華泰商業銀行股份有限公司,,16831570   訂閱,核准設立  「查詢最新營業狀況請至 財政部稅務入口網 」,"13,012,394,890",臺北市中山區長安東路二段246號1樓、2樓、6樓、6樓之1、6樓之2 地址所屬公司家數: 1  電子地圖 ,經濟部商業發展署
哥本哈根基礎設施彰芳股份有限公司,哥本哈根基礎設施彰芳股份有限公司  Google搜尋  (出進口廠商英文名稱：CI CHANGFANG LTD.) 「國際貿易署廠商英文名稱查詢(限經營出進口或買賣業務者)」,52687706   訂閱,核准設立  「查詢最新營業狀況請至 財政部稅務入口網 」,"13,700,000,000",William James Trenchard,臺北市信義區忠孝東路五段68號26樓 地址所屬公司家數: 15  電子地圖 
精碟科技股份有限公司,,23826861   訂閱,核准設立  「查詢最新營業狀況請至 財政部稅務入口網 」,"12,763,560,780",新北市五股區興珍里五權七路13號4樓 地址所屬公司家數: 1  電子地圖 ,經濟部商業發展署
台灣國際造船股份有限公司,"台灣國際造船股份有限公司  Google搜尋  (出進口廠商英文名稱：CSBC CORPORATION, TAIWAN) 「國際貿易署廠商英文名稱查詢(限經營出進口或買賣業務者)」
096年03月02日 發文號09601043050變更名稱 （前名稱：中國造船股份有限公司）",04695235   訂閱,核准設立  「查詢最新營業狀況請至 財政部稅務入口網 」,"20,000,000,000",黃正弘,高雄市小港區中鋼路3號 地址所屬公司家數: 3  電子地圖 
富邦金控創業投資股份有限公司,"Fubon Financial Holding Venture Capital Co., Ltd",80032258   訂閱,核准設立  「查詢最新營業狀況請至 財政部稅務入口網 」,"12,622,196,110",臺北市信義區松高路77號10樓 地址所屬公司家數: 1  電子地圖 ,經濟部商業發展署
文曄科技股份有限公司,"文曄科技股份有限公司  Google搜尋  (出進口廠商英文名稱：WT MICROELECTRONICS CO., LTD.) 「國際貿易署廠商英文名稱查詢(限經營出進口或買賣業務者)」",84498860   訂閱,核准設立  「查詢最新營業狀況請至 財政部稅務入口網 」,"20,000,000,000",鄭文宗,新北市中和區平河里中正路738號14樓 地址所屬公司家數: 1  電子地圖 
新光三越百貨股份有限公司,"新光三越百貨股份有限公司  Google搜尋  (出進口廠商英文名稱：SHINKONG MITSUKOSHI DEPARTMENT STORE CO., LTD.) 「國際貿易署廠商英文名稱查詢(限經營出進口或買賣業務者)」",23525871   訂閱,核准設立  「查詢最新營業狀況請至 財政部稅務入口網 」,"15,000,000,000",吳東昇,臺北市信義區松高路19號7、8、9樓 地址所屬公司家數: 1  電子地圖 
富崴能源股份有限公司,Foxwell Energy Corporation Ltd.,54165289   訂閱,核准設立  「查詢最新營業狀況請至 財政部稅務入口網 」,"12,445,000,000",新北市土城區中央路四段49號 地址所屬公司家數: 25  電子地圖 ,經濟部商業發展署
長億實業股份有限公司,,52367648   訂閱,核准設立  「查詢最新營業狀況請至 財政部稅務入口網 」,"12,410,064,920",臺中市西屯區臺灣大道二段910號5樓之7 地址所屬公司家數: 5  電子地圖 ,經濟部商業發展署
復盛股份有限公司,"復盛股份有限公司  Google搜尋  (出進口廠商英文名稱：FU SHENG INDUSTRIAL CO., LTD.) 「國際貿易署廠商英文名稱查詢(限經營出進口或買賣業務者)」
097年01月31日 發文號09701018620變更名稱 （前名稱：勇德國際股份有限公司）",28674272   訂閱,核准設立  「查詢最新營業狀況請至 財政部稅務入口網 」,"13,408,470,250",李亮箴,臺北市中山區南京東路二段172號1、2、3樓 地址所屬公司家數: 1  電子地圖 
京元電子股份有限公司,"京元電子股份有限公司  Google搜尋  (出進口廠商英文名稱：KING YUAN ELECTRONICS CO., LTD.) 「國際貿易署廠商英文名稱查詢(限經營出進口或買賣業務者)」",22507241   訂閱,核准設立  「查詢最新營業狀況請至 財政部稅務入口網 」,"15,000,000,000",李金恭,新竹市東區埔頂里公道五路二段81號 地址所屬公司家數: 1  電子地圖 
晶元光電股份有限公司,Epistar Corporation,84149786   訂閱,核准設立  「查詢最新營業狀況請至 財政部稅務入口網 」,"12,070,791,880",新竹科學園區新竹市力行路21號 地址所屬公司家數: 6  電子地圖 ,國家科學及技術委員會新竹科學園區管理局
神達控股股份有限公司,"神達控股股份有限公司  Google搜尋  (出進口廠商英文名稱：MiTAC Holdings Corporation) 「國際貿易署廠商英文名稱查詢(限經營出進口或買賣業務者)」
113年06月18日 發文號11330101080變更名稱 （前名稱：神達投資控股股份有限公司）",53677966   訂閱,核准設立  「查詢最新營業狀況請至 財政部稅務入口網 」,"25,000,000,000",苗豐強,桃園市龜山區文化二路202號 地址所屬公司家數: 4  電子地圖 
新安東京海上產物保險股份有限公司,新安東京海上產物保險股份有限公司  Google搜尋  「國際貿易署廠商英文名稱查詢(限經營出進口或買賣業務者)」,16834703   訂閱,核准設立  「查詢最新營業狀況請至 財政部稅務入口網 」,"20,000,000,000",藤田 桂子,臺北市中山區南京東路三段130號8-13樓 地址所屬公司家數: 1  電子地圖 
森霸電力股份有限公司,森霸電力股份有限公司  Google搜尋  (出進口廠商英文名稱：SUN BA POWER CORPORATION) 「國際貿易署廠商英文名稱查詢(限經營出進口或買賣業務者)」,70783499   訂閱,核准設立  「查詢最新營業狀況請至 財政部稅務入口網 」,"15,000,000,000",許勝豐,臺南市山上區豐德里隙子口66號 地址所屬公司家數: 1  電子地圖 
大彰化西北離岸風力發電股份有限公司,Greater Changhua Offshore Wind Farm NW Ltd.,83304676   訂閱,核准設立  「查詢最新營業狀況請至 財政部稅務入口網 」,"12,000,000,000",彰化縣彰化市華山路37號11樓之2 地址所屬公司家數: 4  電子地圖 ,經濟部商業發展署
仲信資融股份有限公司,"CHAILEASE CONSUMER FINANCE CO., LTD.",70774816   訂閱,核准設立  「查詢最新營業狀況請至 財政部稅務入口網 」,"11,967,575,000",臺北市內湖區內湖路一段392號6樓 地址所屬公司家數: 1  電子地圖 ,經濟部商業發展署
華通電腦股份有限公司,"COMPEQ MANUFACTURING COMPANY LIMITED (COMPEQ MANUFACTURING CO., LTD.)",04401392   訂閱,核准設立  「查詢最新營業狀況請至 財政部稅務入口網 」,"11,918,205,890",桃園市蘆竹區新莊里大新路814巷91號 地址所屬公司家數: 1  電子地圖 ,經濟部商業發展署
台灣聚合化學品股份有限公司,台灣聚合化學品股份有限公司  Google搜尋  (出進口廠商英文名稱：USI CORPORATION) 「國際貿易署廠商英文名稱查詢(限經營出進口或買賣業務者)」,11917107   訂閱,核准設立  「查詢最新營業狀況請至 財政部稅務入口網 」,"13,426,023,650",吳亦圭,高雄市仁武區後安里鳳仁路330號 地址所屬公司家數: 1  電子地圖 
酷澎股份有限公司,"酷澎股份有限公司  Google搜尋  (出進口廠商英文名稱：Coupang Taiwan Co., Ltd.) 「國際貿易署廠商英文名稱查詢(限經營出進口或買賣業務者)」
110年09月02日 發文號1105275330變更名稱 （前名稱：喜伴股份有限公司）",91002999   訂閱,核准設立  「查詢最新營業狀況請至 財政部稅務入口網 」,"12,000,000,000",許展嘉,臺北市信義區信義路五段7號13樓、13樓之1、13樓之2 地址所屬公司家數: 1  電子地圖 
三信商業銀行股份有限公司,三信商業銀行股份有限公司  Google搜尋  「國際貿易署廠商英文名稱查詢(限經營出進口或買賣業務者)」,16832487   訂閱,核准設立  「查詢最新營業狀況請至 財政部稅務入口網 」,"12,000,000,000",廖松岳,臺中市中區柳川里公園路32-1號 地址所屬公司家數: 1  電子地圖 
國產建材實業股份有限公司,,24060203   訂閱,核准設立  「查詢最新營業狀況請至 財政部稅務入口網 」,"11,800,000,000",臺北市內湖區新湖一路8號7樓 地址所屬公司家數: 5  電子地圖 ,經濟部商業發展署
長興材料工業股份有限公司,"ETERNAL MATERIALS CO., LTD.",75339004   訂閱,核准設立  「查詢最新營業狀況請至 財政部稅務入口網 」,"11,782,654,830",高雄市三民區建工路578號 地址所屬公司家數: 1  電子地圖 ,經濟部商業發展署
台灣艾司摩爾科技股份有限公司,台灣艾司摩爾科技股份有限公司  Google搜尋  (出進口廠商英文名稱：ASML TECHNOLOGY TAIWAN LTD.) 「國際貿易署廠商英文名稱查詢(限經營出進口或買賣業務者)」,56680824   訂閱,核准設立  「查詢最新營業狀況請至 財政部稅務入口網 」,"11,665,340,000",汪佳慧,新竹市公道五路三段1號11樓之1 地址所屬公司家數: 3  電子地圖 
兆豐證券股份有限公司,,23474649   訂閱,核准設立  「查詢最新營業狀況請至 財政部稅務入口網 」,"11,600,000,000",臺北市中正區忠孝東路二段95號3樓 地址所屬公司家數: 1  電子地圖 ,經濟部商業發展署
國泰建設股份有限公司,,03374306   訂閱,核准設立  「查詢最新營業狀況請至 財政部稅務入口網 」,"11,595,610,590",臺北市大安區敦化南路二段218號2樓 地址所屬公司家數: 6  電子地圖 ,經濟部商業發展署
海能國際投資股份有限公司,海能國際投資股份有限公司  Google搜尋  「國際貿易署廠商英文名稱查詢(限經營出進口或買賣業務者)」,50780207   訂閱,核准設立  「查詢最新營業狀況請至 財政部稅務入口網 」,"19,840,000,000",李鎧如,臺中市西屯區市政北二路282號13樓之5 地址所屬公司家數: 2  電子地圖 
海能風力發電股份有限公司,"FORMOSA 2 WIND POWER CO., LTD.",50898557   訂閱,核准設立  「查詢最新營業狀況請至 財政部稅務入口網 」,"11,573,100,000",臺中市西屯區市政北二路282號13樓之5 地址所屬公司家數: 2  電子地圖 ,經濟部商業發展署
國票綜合證券股份有限公司,"IBF Securities Co., Ltd.",23535744   訂閱,核准設立  「查詢最新營業狀況請至 財政部稅務入口網 」,"11,500,000,000",臺北市大同區至聖里重慶北路三段199號地下1樓 地址所屬公司家數: 1  電子地圖 ,經濟部商業發展署
元太科技工業股份有限公司,E INK HOLDINGS INC.,22099890   訂閱,核准設立  「查詢最新營業狀況請至 財政部稅務入口網 」,"11,498,941,570",新竹科學園區新竹市力行一路3號 地址所屬公司家數: 1  電子地圖 ,國家科學及技術委員會新竹科學園區管理局
台灣福雷電子股份有限公司,,22100242   訂閱,核准設立  「查詢最新營業狀況請至 財政部稅務入口網 」,"11,314,525,020",高雄市楠梓區西五街10號 地址所屬公司家數: 1  電子地圖 ,經濟部產業園區管理局
國喬石油化學股份有限公司,國喬石油化學股份有限公司  Google搜尋  (出進口廠商英文名稱：GRAND PACIFIC PETROCHEMICAL CORPORATION) 「國際貿易署廠商英文名稱查詢(限經營出進口或買賣業務者)」,04212250   訂閱,核准設立  「查詢最新營業狀況請至 財政部稅務入口網 」,"20,000,000,000",邱德馨,高雄市大社區興工路4號 地址所屬公司家數: 1  電子地圖 
三商投資控股股份有限公司,"MERCURIES & ASSOCIATES HOLDING, LTD.",11052709   訂閱,核准設立  「查詢最新營業狀況請至 財政部稅務入口網 」,"11,224,957,030",臺北市中山區建國北路二段145號地下1樓及1~18樓 地址所屬公司家數: 2  電子地圖 ,經濟部商業發展署
台灣創新發展股份有限公司,,28185226   訂閱,核准設立  「查詢最新營業狀況請至 財政部稅務入口網 」,"11,195,914,340",臺北市士林區至善路二段11號1樓 地址所屬公司家數: 3  電子地圖 ,經濟部商業發展署
泓策創業投資股份有限公司,,50753356   訂閱,核准設立  「查詢最新營業狀況請至 財政部稅務入口網 」,"11,149,665,000",臺北市信義區松高路1號4樓 地址所屬公司家數: 25  電子地圖 ,經濟部商業發展署
京城商業銀行股份有限公司,,68921101   訂閱,核准設立  「查詢最新營業狀況請至 財政部稅務入口網 」,"11,112,342,650",臺南市中西區西門路1段506號 地址所屬公司家數: 1  電子地圖 ,經濟部商業發展署
正隆股份有限公司,Cheng Loong Corporation,33085508   訂閱,核准設立  「查詢最新營業狀況請至 財政部稅務入口網 」,"11,082,745,220",新北市板橋區民生路一段1號 地址所屬公司家數: 1  電子地圖 ,經濟部商業發展署
潤泰全球股份有限公司,,14053007   訂閱,核准設立  「查詢最新營業狀況請至 財政部稅務入口網 」,"11,043,187,720",臺北市中山區八德路二段308號13樓之1 地址所屬公司家數: 3  電子地圖 ,經濟部商業發展署
台新人壽保險股份有限公司,"Taishin Life Insurance Co., Ltd.",70789634   訂閱,核准設立  「查詢最新營業狀況請至 財政部稅務入口網 」,"11,039,559,990",臺北市松山區南京東路五段161號10樓 地址所屬公司家數: 1  電子地圖 ,經濟部商業發展署
中華紙漿股份有限公司,Chung Hwa Pulp Corporation,94025264   訂閱,核准設立  「查詢最新營業狀況請至 財政部稅務入口網 」,"11,028,353,160",花蓮縣吉安鄉光華村光華街100號 地址所屬公司家數: 2  電子地圖 ,經濟部商業發展署
中央投資股份有限公司,,03064421   訂閱,核准設立  「查詢最新營業狀況請至 財政部稅務入口網 」,"11,000,000,000",臺北市中山區八德路2段232號6樓 地址所屬公司家數: 9  電子地圖 ,經濟部商業發展署
開發國際投資股份有限公司,CDIB & PARTNERS INVESTMENT HOLDING CORPORATION,16744338   訂閱,核准設立  「查詢最新營業狀況請至 財政部稅務入口網 」,"10,908,000,000",臺北市松山區敦化北路135號8樓 地址所屬公司家數: 2  電子地圖 ,經濟部商業發展署
中環股份有限公司,CMC MAGNETICS CORPORATION,12205020   訂閱,核准設立  「查詢最新營業狀況請至 財政部稅務入口網 」,"10,893,483,280",臺北市中山區民權西路53號15樓 地址所屬公司家數: 6  電子地圖 ,經濟部商業發展署
泓勝投資股份有限公司,,50757389   訂閱,核准設立  「查詢最新營業狀況請至 財政部稅務入口網 」,"10,885,620,900",臺北市信義區松高路1號4樓 地址所屬公司家數: 25  電子地圖 ,經濟部商業發展署
鄉林建設事業股份有限公司,,23641822   訂閱,核准設立  「查詢最新營業狀況請至 財政部稅務入口網 」,"10,775,892,450",臺中市西區忠明里臺灣大道2段408號1樓 地址所屬公司家數: 3  電子地圖 ,經濟部商業發展署
泓順投資股份有限公司,,50759485   訂閱,核准設立  「查詢最新營業狀況請至 財政部稅務入口網 」,"10,750,663,600",臺北市信義區松高路1號4樓 地址所屬公司家數: 25  電子地圖 ,經濟部商業發展署
茂德國際投資股份有限公司,,66807809   訂閱,核准設立  「查詢最新營業狀況請至 財政部稅務入口網 」,"10,734,880,130",新北市新店區安興路115號14樓之6 地址所屬公司家數: 1  電子地圖 ,經濟部商業發展署
保誠人壽保險股份有限公司,保誠人壽保險股份有限公司  Google搜尋  「國際貿易署廠商英文名稱查詢(限經營出進口或買賣業務者)」,03358805   訂閱,核准設立  「查詢最新營業狀況請至 財政部稅務入口網 」,"17,927,000,000",劉添 Lau Tim,臺北市信義區松智路1號8樓 地址所屬公司家數: 1  電子地圖 
遠東資源開發股份有限公司,"FAR EASTERN RESOURCE DEVELOPMENT CO., LTD.",80031413   訂閱,核准設立  「查詢最新營業狀況請至 財政部稅務入口網 」,"10,730,605,100",臺北市大安區敦化南路二段207號34樓 地址所屬公司家數: 14  電子地圖 ,經濟部商業發展署
裕隆汽車製造股份有限公司,,03489200   訂閱,核准設立  「查詢最新營業狀況請至 財政部稅務入口網 」,"10,700,012,510",苗栗縣三義鄉西湖村伯公坑39號之1 地址所屬公司家數: 2  電子地圖 ,經濟部商業發展署
長榮國際儲運股份有限公司,EVERGREEN INTERNATIONAL STORAGE & TRANSPORT CORPORATION,04406559   訂閱,核准設立  「查詢最新營業狀況請至 財政部稅務入口網 」,"10,671,410,940",桃園市桃園區經國路899號 地址所屬公司家數: 4  電子地圖 ,經濟部商業發展署
台灣金聯資產管理股份有限公司,,70808864   訂閱,核准設立  「查詢最新營業狀況請至 財政部稅務入口網 」,"10,572,000,000",臺北市中山區中吉里南京東路二段85、87號11、12樓 地址所屬公司家數: 1  電子地圖 ,經濟部商業發展署
中租汽車租賃股份有限公司,,27998148   訂閱,核准設立  「查詢最新營業狀況請至 財政部稅務入口網 」,"10,524,253,000",臺北市內湖區瑞光路362號5樓 地址所屬公司家數: 2  電子地圖 ,經濟部商業發展署
統一超商股份有限公司,,22555003   訂閱,核准設立  「查詢最新營業狀況請至 財政部稅務入口網 」,"10,396,222,550",臺北市松山區東興路8號8樓 地址所屬公司家數: 12  電子地圖 ,經濟部商業發展署
日勝生活科技股份有限公司,,12373243   訂閱,核准設立  「查詢最新營業狀況請至 財政部稅務入口網 」,"10,350,946,490",臺北市大同區市民大道一段209號14樓 地址所屬公司家數: 5  電子地圖 ,經濟部商業發展署
德州儀器工業股份有限公司,德州儀器工業股份有限公司  Google搜尋  (出進口廠商英文名稱：TEXAS INSTRUMENTS TAIWAN LTD.) 「國際貿易署廠商英文名稱查詢(限經營出進口或買賣業務者)」,33405832   訂閱,核准設立  「查詢最新營業狀況請至 財政部稅務入口網 」,"21,085,375,200",李原榮,新北市中和區興南路一段142號 地址所屬公司家數: 1  電子地圖 
大成國際鋼鐵股份有限公司,大成國際鋼鐵股份有限公司  Google搜尋  (出進口廠商英文名稱：BRIGHTON-BEST INTERNATIONAL (TAIWAN) INC.) 「國際貿易署廠商英文名稱查詢(限經營出進口或買賣業務者)」,28754606   訂閱,核准設立  「查詢最新營業狀況請至 財政部稅務入口網 」,"20,000,000,000",謝麗雲,臺南市仁德區義林路122號B棟 地址所屬公司家數: 1  電子地圖 
長拓股份有限公司,,27564558   訂閱,核准設立  「查詢最新營業狀況請至 財政部稅務入口網 」,,廖龍星,臺北市中山區松江路301號8樓之1 地址所屬公司家數: 5  電子地圖 
和桐化學股份有限公司,,12526607   訂閱,核准設立  「查詢最新營業狀況請至 財政部稅務入口網 」,"10,168,248,080",高雄市仁武區竹後里竹工二巷1號 地址所屬公司家數: 1  電子地圖 ,經濟部商業發展署
深耕開發股份有限公司,,84611899   訂閱,核准設立  「查詢最新營業狀況請至 財政部稅務入口網 」,"10,126,088,730",臺北市中正區忠孝東路一段152號2樓 地址所屬公司家數: 3  電子地圖 ,經濟部商業發展署
泛喬股份有限公司,,16694999   訂閱,核准設立  「查詢最新營業狀況請至 財政部稅務入口網 」,"10,034,401,460",高雄市大樹區學城路1段9號3樓 地址所屬公司家數: 14  電子地圖 ,經濟部商業發展署
台北大眾捷運股份有限公司,,84894989   訂閱,核准設立  「查詢最新營業狀況請至 財政部稅務入口網 」,"10,000,000,000",臺北市中山區民安里15鄰中山北路二段48巷7號1、2、4、5、6、7樓 地址所屬公司家數: 1  電子地圖 ,經濟部商業發展署
將來商業銀行股份有限公司,"NEXT COMMERCIAL BANK Co., LTD.",83504978   訂閱,核准設立  「查詢最新營業狀況請至 財政部稅務入口網 」,"10,000,000,000",臺北市大安區敦化南路二段95號6、7、8、9樓 地址所屬公司家數: 1  電子地圖 ,經濟部商業發展署
統正開發股份有限公司,PRESIDENT FAIR DEVELOPMENT CORP.,96978370   訂閱,核准設立  「查詢最新營業狀況請至 財政部稅務入口網 」,"10,000,000,000",高雄市前鎮區中華五路789號 地址所屬公司家數: 4  電子地圖 ,經濟部商業發展署
中央存款保險股份有限公司,,01456219   訂閱,核准設立  「查詢最新營業狀況請至 財政部稅務入口網 」,"10,000,000,000",臺北市中正區龍福里南海路3號11樓 地址所屬公司家數: 1  電子地圖 ,經濟部商業發展署
樂天國際商業銀行股份有限公司,樂天國際商業銀行股份有限公司  Google搜尋  「國際貿易署廠商英文名稱查詢(限經營出進口或買賣業務者)」,83794245   訂閱,核准設立  「查詢最新營業狀況請至 財政部稅務入口網 」,"10,000,000,000",王東和,臺北市中山區松江路433號11樓 地址所屬公司家數: 1  電子地圖 
力麗企業股份有限公司,,07663290   訂閱,核准設立  「查詢最新營業狀況請至 財政部稅務入口網 」,"9,955,950,590",臺北市中山區松江路162號11樓 地址所屬公司家數: 21  電子地圖 ,經濟部商業發展署
櫻花建設股份有限公司,,22491640   訂閱,核准設立  「查詢最新營業狀況請至 財政部稅務入口網 」,"9,942,521,510",臺中市西區民龍里臺灣大道二段239號4樓 地址所屬公司家數: 2  電子地圖 ,經濟部商業發展署
潤隆建設股份有限公司,"RUN LONG CONSTRUCTION CO., LTD.",34149369   訂閱,核准設立  「查詢最新營業狀況請至 財政部稅務入口網 」,"9,922,574,930",臺北市中山區樂群二路267號8樓 地址所屬公司家數: 14  電子地圖 ,經濟部商業發展署
豐泰企業股份有限公司,"FENG TAY ENTERPRISES CO., LTD.",63400932   訂閱,核准設立  「查詢最新營業狀況請至 財政部稅務入口網 」,"9,874,828,310",雲林縣斗六市科工八路52號 地址所屬公司家數: 1  電子地圖 ,經濟部商業發展署
哥本哈根基礎設施渢妙股份有限公司,哥本哈根基礎設施渢妙股份有限公司  Google搜尋  (出進口廠商英文名稱：CI Fengmiao Ltd.) 「國際貿易署廠商英文名稱查詢(限經營出進口或買賣業務者)」,91103906   訂閱,核准設立  「查詢最新營業狀況請至 財政部稅務入口網 」,"9,851,959,370",Thomas Wibe Poulsen,臺北市信義區忠孝東路五段68號26樓 地址所屬公司家數: 15  電子地圖 
國際中橡投資控股股份有限公司,"International CSRC Investment Holdings Co., Ltd.",04382114   訂閱,核准設立  「查詢最新營業狀況請至 財政部稅務入口網 」,"9,847,336,250",臺北市中山區中山北路二段113號8樓 地址所屬公司家數: 5  電子地圖 ,經濟部商業發展署
台灣肥料股份有限公司,,03795101   訂閱,核准設立  「查詢最新營業狀況請至 財政部稅務入口網 」,"9,800,000,000",臺北市南港區經貿一路170號17樓 地址所屬公司家數: 2  電子地圖 ,經濟部商業發展署
華瑋投資股份有限公司,,16441411   訂閱,核准設立  「查詢最新營業狀況請至 財政部稅務入口網 」,"9,792,546,000",臺北市北投區光明路167號7樓之2 地址所屬公司家數: 9  電子地圖 ,經濟部商業發展署
欣光華股份有限公司,,28991447   訂閱,核准設立  「查詢最新營業狀況請至 財政部稅務入口網 」,"9,725,000,000",臺北市中山區八德路二段232號5樓 地址所屬公司家數: 4  電子地圖 ,經濟部商業發展署
台灣土地開發股份有限公司,,03701104   訂閱,核准設立  「查詢最新營業狀況請至 財政部稅務入口網 」,"9,609,436,000",臺北市士林區至善路2段11號1樓 地址所屬公司家數: 3  電子地圖 ,經濟部商業發展署
建大工業股份有限公司,"KENDA RUBBER IND. CO., LTD.",59619900   訂閱,核准設立  「查詢最新營業狀況請至 財政部稅務入口網 」,"9,548,900,000",彰化縣員林市中山路一段146號 地址所屬公司家數: 1  電子地圖 ,經濟部商業發展署
聖世股份有限公司,SHINE GLOW INVESTMENTS LIMITED,83404181   訂閱,核准設立  「查詢最新營業狀況請至 財政部稅務入口網 」,"9,533,668,650",臺北市中山區松江路192號5樓 地址所屬公司家數: 8  電子地圖 ,經濟部商業發展署
華旭投資股份有限公司,,16441480   訂閱,核准設立  「查詢最新營業狀況請至 財政部稅務入口網 」,"9,512,783,000",臺北市北投區光明路167號7樓之2 地址所屬公司家數: 9  電子地圖 ,經濟部商業發展署
環球能源股份有限公司,環球能源股份有限公司  Google搜尋  「國際貿易署廠商英文名稱查詢(限經營出進口或買賣業務者)」,90543862   訂閱,核准設立  「查詢最新營業狀況請至 財政部稅務入口網 」,"10,000,000,000",Manatchai Kongrakkawin,臺北市松山區敦化北路122號7樓 地址所屬公司家數: 10  電子地圖 
漢翔航空工業股份有限公司,Aerospace Industrial Development Corporation,97160544   訂閱,核准設立  「查詢最新營業狀況請至 財政部稅務入口網 」,"9,418,671,010",臺中市西屯區西平里24鄰漢翔路1號 地址所屬公司家數: 1  電子地圖 ,經濟部商業發展署
華毓投資股份有限公司,,16434734   訂閱,核准設立  「查詢最新營業狀況請至 財政部稅務入口網 」,"9,328,447,000",臺北市北投區光明路167號7樓之2 地址所屬公司家數: 9  電子地圖 ,經濟部商業發展署
台灣恩智浦半導體股份有限公司,台灣恩智浦半導體股份有限公司  Google搜尋  (出進口廠商英文名稱：NXP SEMICONDUCTORS TAIWAN LTD.) 「國際貿易署廠商英文名稱查詢(限經營出進口或買賣業務者)」,89002500   訂閱,核准設立  「查詢最新營業狀況請至 財政部稅務入口網 」,"9,220,000,000",林群翔,高雄市楠梓區經五路10號 地址所屬公司家數: 1  電子地圖 
聯聚國際投資股份有限公司,聯聚國際投資股份有限公司  Google搜尋  「國際貿易署廠商英文名稱查詢(限經營出進口或買賣業務者)」,97168102   訂閱,核准設立  「查詢最新營業狀況請至 財政部稅務入口網 」,"9,183,246,560",吳亦圭,臺北市內湖區基湖路37號12樓 地址所屬公司家數: 16  電子地圖 
佳格食品股份有限公司,STANDARD FOODS CORPORATION,22102473   訂閱,核准設立  「查詢最新營業狀況請至 財政部稅務入口網 」,"9,150,895,910",臺北市內湖區瑞光路610號10樓 地址所屬公司家數: 2  電子地圖 ,經濟部商業發展署
力鵬企業股份有限公司,,33955322   訂閱,核准設立  「查詢最新營業狀況請至 財政部稅務入口網 」,"9,100,712,420",臺北市中山區松江路162號6樓 地址所屬公司家數: 3  電子地圖 ,經濟部商業發展署
甲山林建設股份有限公司,,24300338   訂閱,核准設立  「查詢最新營業狀況請至 財政部稅務入口網 」,"9,000,000,000",臺北市中山區朱馥里興安街60號 地址所屬公司家數: 1  電子地圖 ,經濟部商業發展署
台灣連線金融科技股份有限公司,台灣連線金融科技股份有限公司  Google搜尋  (出進口廠商英文名稱：LINE Financial Taiwan Limited) 「國際貿易署廠商英文名稱查詢(限經營出進口或買賣業務者)」,50869130   訂閱,核准設立  「查詢最新營業狀況請至 財政部稅務入口網 」,"11,702,500,000",陳立人,臺北市內湖區瑞光路333號7樓 地址所屬公司家數: 3  電子地圖 
大成長城企業股份有限公司,,73008303   訂閱,核准設立  「查詢最新營業狀況請至 財政部稅務入口網 」,"8,947,672,220",臺南市永康區蔦松里蔦松二街3號 地址所屬公司家數: 2  電子地圖 ,經濟部商業發展署
東聯化學股份有限公司,ORIENTAL UNION CHEMICAL CORPORATION,14057995   訂閱,核准設立  「查詢最新營業狀況請至 財政部稅務入口網 」,"8,857,030,290",臺北市松山區復興北路101號13樓 地址所屬公司家數: 2  電子地圖 ,經濟部商業發展署
焱元投資股份有限公司,,24802992   訂閱,核准設立  「查詢最新營業狀況請至 財政部稅務入口網 」,"8,761,800,000",臺北市大安區敦化南路二段77號15樓 地址所屬公司家數: 4  電子地圖 ,經濟部商業發展署
研華股份有限公司,"ADVANTECH CO., LTD.",05155853   訂閱,核准設立  「查詢最新營業狀況請至 財政部稅務入口網 」,"8,641,671,250",臺北市內湖區瑞光路26巷20弄1號 地址所屬公司家數: 7  電子地圖 ,經濟部商業發展署
康舒科技股份有限公司,AcBel Polytech Inc.,12341051   訂閱,核准設立  「查詢最新營業狀況請至 財政部稅務入口網 」,"8,586,371,250",臺北市松山區南京東路五段99號11樓 地址所屬公司家數: 1  電子地圖 ,經濟部商業發展署
運鴻投資股份有限公司,Transglory Investment Corporation,27227466   訂閱,核准設立  「查詢最新營業狀況請至 財政部稅務入口網 」,"8,525,800,000",高雄市前鎮區成功二路88號26樓 地址所屬公司家數: 15  電子地圖 ,經濟部商業發展署
李長榮化學工業股份有限公司,李長榮化學工業股份有限公司  Google搜尋  (出進口廠商英文名稱：LCY CHEMICAL CORP.) 「國際貿易署廠商英文名稱查詢(限經營出進口或買賣業務者)」,39054405   訂閱,核准設立  「查詢最新營業狀況請至 財政部稅務入口網 」,"10,000,000,000",洪再興,高雄市小港區中林路3號 地址所屬公司家數: 1  電子地圖 
鑽石生技投資股份有限公司,,53663724   訂閱,核准設立  「查詢最新營業狀況請至 財政部稅務入口網 」,"8,518,000,000",臺北市中正區忠孝西路一段66號35樓 地址所屬公司家數: 6  電子地圖 ,經濟部商業發展署
裕民航運股份有限公司,U-Ming Marine Transport Corporation,47067419   訂閱,核准設立  「查詢最新營業狀況請至 財政部稅務入口網 」,"8,450,557,120",臺北市大安區敦化南路二段207號2樓 地址所屬公司家數: 1  電子地圖 ,經濟部商業發展署
微星科技股份有限公司,"Micro-Star International Co., Ltd.",22178368   訂閱,核准設立  「查詢最新營業狀況請至 財政部稅務入口網 」,"8,448,561,990",新北市中和區立德街69號 地址所屬公司家數: 1  電子地圖 ,經濟部商業發展署
中鋼鋁業股份有限公司,C.S. Aluminium Corporation,96971313   訂閱,核准設立  「查詢最新營業狀況請至 財政部稅務入口網 」,"8,402,511,900",高雄市小港區東林路17號 地址所屬公司家數: 1  電子地圖 ,經濟部商業發展署
大華建設股份有限公司,,11059409   訂閱,核准設立  「查詢最新營業狀況請至 財政部稅務入口網 」,"8,399,880,000",臺北市內湖區成功路5段460號16樓 地址所屬公司家數: 3  電子地圖 ,經濟部商業發展署
德勤投資股份有限公司,Der Ching Investment Corporation,23116897   訂閱,核准設立  「查詢最新營業狀況請至 財政部稅務入口網 」,"8,388,011,530",臺北市大安區敦化南路二段207號31樓 地址所屬公司家數: 6  電子地圖 ,經濟部商業發展署
南港輪胎股份有限公司,"NANKANG RUBBER TIRE CORP., LTD.",11520909   訂閱,核准設立  「查詢最新營業狀況請至 財政部稅務入口網 」,"8,339,349,040",臺北市大安區仁愛路三段136號6樓608室 地址所屬公司家數: 3  電子地圖 ,經濟部商業發展署
宏達國際電子股份有限公司,HTC Corporation,16003518   訂閱,核准設立  「查詢最新營業狀況請至 財政部稅務入口網 」,"8,335,339,850",桃園市桃園區興華路23號 地址所屬公司家數: 1  電子地圖 ,經濟部商業發展署
安聯人壽保險股份有限公司,"安聯人壽保險股份有限公司  Google搜尋  「國際貿易署廠商英文名稱查詢(限經營出進口或買賣業務者)」
096年05月17日 發文號09601109010變更名稱 （前名稱：統一安聯人壽保險股份有限公司）",89283591   訂閱,核准設立  「查詢最新營業狀況請至 財政部稅務入口網 」,"28,867,000,000",陶奕馥 Sabine Teufel,臺北市信義區信義路五段100號5樓 地址所屬公司家數: 1  電子地圖 
朝隆投資股份有限公司,,24482029   訂閱,核准設立  「查詢最新營業狀況請至 財政部稅務入口網 」,"8,280,457,340",臺北市士林區福林路203號 地址所屬公司家數: 8  電子地圖 ,經濟部商業發展署
太平洋崇光百貨股份有限公司,"太平洋崇光百貨股份有限公司  Google搜尋  (出進口廠商英文名稱：PACIFIC SOGO DEPARTMENT STORES CO., LTD.) 「國際貿易署廠商英文名稱查詢(限經營出進口或買賣業務者)」",21257316   訂閱,核准設立  「查詢最新營業狀況請至 財政部稅務入口網 」,"15,000,000,000",黃晴雯,臺北市大安區忠孝東路4段45號地下1樓至地下3樓、1樓至13樓 地址所屬公司家數: 1  電子地圖 
伊頓飛瑞慕品股份有限公司,"伊頓飛瑞慕品股份有限公司  Google搜尋  (出進口廠商英文名稱：EATON PHOENIXTEC MMPL CO., LTD.) 「國際貿易署廠商英文名稱查詢(限經營出進口或買賣業務者)」
097年12月24日 發文號09701320760變更名稱 （前名稱：慕品工業股份有限公司）",73735839   訂閱,核准設立  「查詢最新營業狀況請至 財政部稅務入口網 」,"8,276,393,005",嚴慶和(YAM Keng Hoe),臺南市關廟區埤頭里保東路269之1號 地址所屬公司家數: 1  電子地圖 
台橡股份有限公司,台橡股份有限公司  Google搜尋  (出進口廠商英文名稱：TSRC CORPORATION) 「國際貿易署廠商英文名稱查詢(限經營出進口或買賣業務者)」,03553737   訂閱,核准設立  「查詢最新營業狀況請至 財政部稅務入口網 」,"12,000,000,000",殷　琪,高雄市大社區興工路2號 地址所屬公司家數: 1  電子地圖 
益航股份有限公司,"FIRST STEAMSHIP COMPANY, LIMITED",03353007   訂閱,核准設立  「查詢最新營業狀況請至 財政部稅務入口網 」,"8,247,760,670",臺北市大安區復興南路2段237號14樓 地址所屬公司家數: 4  電子地圖 ,經濟部商業發展署
欣陸投資控股股份有限公司,Continental Holdings Corporation,28993629   訂閱,核准設立  「查詢最新營業狀況請至 財政部稅務入口網 」,"8,232,159,800",臺北市大安區敦化南路二段95號23樓 地址所屬公司家數: 2  電子地圖 ,經濟部商業發展署
樺成國際投資股份有限公司,,54719248   訂閱,核准設立  「查詢最新營業狀況請至 財政部稅務入口網 」,"8,206,350,000",新北市中和區建康路10號6樓 地址所屬公司家數: 2  電子地圖 ,經濟部商業發展署
台元紡織股份有限公司,"台元紡織股份有限公司  Google搜尋  (出進口廠商英文名稱：TAI YUEN TEXTILE CO., LTD.) 「國際貿易署廠商英文名稱查詢(限經營出進口或買賣業務者)」",03516001   訂閱,核准設立  「查詢最新營業狀況請至 財政部稅務入口網 」,"8,185,320,000",嚴陳莉蓮,臺北市大安區敦化南路二段2號8樓 地址所屬公司家數: 2  電子地圖 
奇力新電子股份有限公司,Chilisin Electronics Corp.,47006693   訂閱,核准設立  「查詢最新營業狀況請至 財政部稅務入口網 」,"8,141,306,200",桃園市平鎮區南豐路270號 地址所屬公司家數: 3  電子地圖 ,經濟部商業發展署
信宇投資股份有限公司,,86687839   訂閱,核准設立  「查詢最新營業狀況請至 財政部稅務入口網 」,"15,000,000,000",趙文嘉,臺北市信義區基隆路一段200號23樓 地址所屬公司家數: 8  電子地圖 
中鼎工程股份有限公司,CTCI CORPORATION,20817282   訂閱,核准設立  「查詢最新營業狀況請至 財政部稅務入口網 」,"8,112,727,870",臺北市士林區中山北路六段89號 地址所屬公司家數: 13  電子地圖 ,經濟部商業發展署
中合電業股份有限公司,"Chung Ho Energy Integration Co., Ltd.",83715208   訂閱,核准設立  「查詢最新營業狀況請至 財政部稅務入口網 」,"8,072,124,000",臺北市內湖區瑞光路362號8樓 地址所屬公司家數: 61  電子地圖 ,經濟部商業發展署
精金科技股份有限公司,HannsTouch Holdings Company,70750217   訂閱,核准設立  「查詢最新營業狀況請至 財政部稅務入口網 」,"8,020,105,290",南部科學園區臺南市善化區北園一路7號 地址所屬公司家數: 1  電子地圖 ,國家科學及技術委員會南部科學園區管理局
太平洋流通投資股份有限公司,,70377128   訂閱,核准設立  「查詢最新營業狀況請至 財政部稅務入口網 」,"8,020,000,000",臺北市大安區仁愛路4段64號7樓 地址所屬公司家數: 4  電子地圖 ,經濟部商業發展署
中央再保險股份有限公司,CENTRAL REINSURANCE CORPORATION,11081991   訂閱,核准設立  「查詢最新營業狀況請至 財政部稅務入口網 」,"8,003,887,500",臺北市中山區南京東路二段53號11、12樓 地址所屬公司家數: 1  電子地圖 ,經濟部商業發展署
星耀能源股份有限公司,,51559801   訂閱,核准設立  「查詢最新營業狀況請至 財政部稅務入口網 」,"8,000,000,000",新竹縣湖口鄉光復北路20-1號4樓 地址所屬公司家數: 5  電子地圖 ,經濟部商業發展署
統流開發股份有限公司,,83271725   訂閱,核准設立  「查詢最新營業狀況請至 財政部稅務入口網 」,"8,000,000,000",臺南市新市區王甲路11號 地址所屬公司家數: 1  電子地圖 ,經濟部商業發展署
三陽工業股份有限公司,,24004006   訂閱,核准設立  「查詢最新營業狀況請至 財政部稅務入口網 」,"7,974,896,040",新竹縣湖口鄉鳳山村1鄰中華路3號 地址所屬公司家數: 2  電子地圖 ,經濟部商業發展署
理想大地股份有限公司,,16450993   訂閱,核准設立  「查詢最新營業狀況請至 財政部稅務入口網 」,"7,970,000,000",花蓮縣壽豐鄉理想路1號 地址所屬公司家數: 5  電子地圖 ,經濟部商業發展署
台灣神隆股份有限公司,"台灣神隆股份有限公司  Google搜尋  (出進口廠商英文名稱：SCINOPHARM TAIWAN, LTD.) 「國際貿易署廠商英文名稱查詢(限經營出進口或買賣業務者)」",16130161   訂閱,核准設立  「查詢最新營業狀況請至 財政部稅務入口網 」,"10,000,000,000",羅智先,南部科學園區臺南市善化區南科八路1號 地址所屬公司家數: 1  電子地圖 
中國信託綜合證券股份有限公司,CTBC Securities Co. Ltd.,23416851   訂閱,核准設立  「查詢最新營業狀況請至 財政部稅務入口網 」,"7,904,542,390",臺北市南港區經貿二路168號3樓 地址所屬公司家數: 1  電子地圖 ,經濟部商業發展署
嘉新水泥股份有限公司,CHIA HSIN CEMENT CORPORATION,11892801   訂閱,核准設立  「查詢最新營業狀況請至 財政部稅務入口網 」,"7,902,474,590",臺北市中山區中山北路二段96號 地址所屬公司家數: 81  電子地圖 ,經濟部商業發展署
台灣農林股份有限公司,,07525207   訂閱,核准設立  「查詢最新營業狀況請至 財政部稅務入口網 」,"7,900,000,000",新竹縣湖口鄉鳳山村1鄰中華路3號 地址所屬公司家數: 2  電子地圖 ,經濟部商業發展署
桃園航空城股份有限公司,,25187642   訂閱,核准設立  「查詢最新營業狀況請至 財政部稅務入口網 」,"7,866,016,410",桃園市桃園區光興里縣府路1號 地址所屬公司家數: 1  電子地圖 ,經濟部商業發展署
利億國際投資股份有限公司,,16597005   訂閱,核准設立  「查詢最新營業狀況請至 財政部稅務入口網 」,"7,837,000,000",新北市新店區復興里北新路三段207-1號15樓 地址所屬公司家數: 4  電子地圖 ,經濟部商業發展署
遠雄建設事業股份有限公司,,04673318   訂閱,核准設立  「查詢最新營業狀況請至 財政部稅務入口網 」,"7,815,962,410",臺北市信義區基隆路一段200號16樓 地址所屬公司家數: 1  電子地圖 ,經濟部商業發展署
沃旭東南大彰化控股股份有限公司,沃旭東南大彰化控股股份有限公司  Google搜尋  (出進口廠商英文名稱：Orsted Greater Changhua SE Holdings Ltd.) 「國際貿易署廠商英文名稱查詢(限經營出進口或買賣業務者)」,83479176   訂閱,核准設立  「查詢最新營業狀況請至 財政部稅務入口網 」,"7,800,240,000",Jack Maxwell Sawyer,臺北市信義區松智路1號19樓 地址所屬公司家數: 19  電子地圖 
台灣國際航電股份有限公司,台灣國際航電股份有限公司  Google搜尋  (出進口廠商英文名稱：GARMIN CORPORATION) 「國際貿易署廠商英文名稱查詢(限經營出進口或買賣業務者)」,23527104   訂閱,核准設立  「查詢最新營業狀況請至 財政部稅務入口網 」,"7,794,884,000",高民環,新北市汐止區樟樹二路68號6樓 地址所屬公司家數: 1  電子地圖 
臺灣集中保管結算所股份有限公司,,23474232   訂閱,核准設立  「查詢最新營業狀況請至 財政部稅務入口網 」,"7,783,070,080",臺北市松山區復興北路363號11樓 地址所屬公司家數: 1  電子地圖 ,經濟部商業發展署
寶祥實業建設股份有限公司,,12029805   訂閱,核准設立  「查詢最新營業狀況請至 財政部稅務入口網 」,"7,766,720,000",臺北市中山區新生北路3段1號3樓之6 地址所屬公司家數: 3  電子地圖 ,經濟部商業發展署
大亞電線電纜股份有限公司,"TA YA ELECTRIC WIRE & CABLE CO., LTD.",68035907   訂閱,核准設立  「查詢最新營業狀況請至 財政部稅務入口網 」,"7,736,570,870",臺南市關廟區關廟里中山路二段249號 地址所屬公司家數: 1  電子地圖 ,經濟部商業發展署
上揚資產管理股份有限公司,,27238999   訂閱,核准設立  「查詢最新營業狀況請至 財政部稅務入口網 」,"7,714,327,670",臺北市內湖區南京東路六段386號3樓之1 地址所屬公司家數: 1  電子地圖 ,經濟部商業發展署
國泰綜合證券股份有限公司,Cathay Securities Corporation,27236155   訂閱,核准設立  「查詢最新營業狀況請至 財政部稅務入口網 」,"7,700,000,000",臺北市大安區虎嘯里敦化南路二段218號3樓、4樓、7樓 地址所屬公司家數: 1  電子地圖 ,經濟部商業發展署
力麒建設股份有限公司,"RICH DEVELOPMENT CO., LTD.",86690644   訂閱,核准設立  「查詢最新營業狀況請至 財政部稅務入口網 」,"7,663,124,940",臺北市中山區吉林路99號8樓 地址所屬公司家數: 5  電子地圖 ,經濟部商業發展署
群光電子股份有限公司,"Chicony Electronics Co., Ltd.",20954200   訂閱,核准設立  「查詢最新營業狀況請至 財政部稅務入口網 」,"7,600,531,720",新北市三重區光復路二段69號 地址所屬公司家數: 38  電子地圖 ,經濟部商業發展署
青石板投資股份有限公司,青石板投資股份有限公司  Google搜尋  「國際貿易署廠商英文名稱查詢(限經營出進口或買賣業務者)」,53917754   訂閱,核准設立  「查詢最新營業狀況請至 財政部稅務入口網 」,"12,000,000,000",鄭鈞方,臺北市中山區樂群二路267號8樓之1 地址所屬公司家數: 9  電子地圖 
昇恒昌股份有限公司,EVER RICH D.F.S. CORPORATION,89400818   訂閱,核准設立  「查詢最新營業狀況請至 財政部稅務入口網 」,"7,600,000,000",臺北市內湖區石潭里金莊路129號 地址所屬公司家數: 1  電子地圖 ,經濟部商業發展署
亞普投資股份有限公司,亞普投資股份有限公司  Google搜尋  「國際貿易署廠商英文名稱查詢(限經營出進口或買賣業務者)」,13124428   訂閱,核准設立  「查詢最新營業狀況請至 財政部稅務入口網 」,"10,500,000,000",楊中源 Paul Yang,臺北市中山區中山北路2段21號2樓 地址所屬公司家數: 2  電子地圖 
力成科技股份有限公司,力成科技股份有限公司  Google搜尋  (出進口廠商英文名稱：POWERTECH TECHNOLOGY INC.) 「國際貿易署廠商英文名稱查詢(限經營出進口或買賣業務者)」,16082267   訂閱,核准設立  「查詢最新營業狀況請至 財政部稅務入口網 」,"10,000,000,000",蔡篤恭,新竹縣湖口鄉新竹工業區大同路10號 地址所屬公司家數: 1  電子地圖 
日觀實業股份有限公司,,86754604   訂閱,核准設立  「查詢最新營業狀況請至 財政部稅務入口網 」,"7,500,000,000",新北市新店區北新路三段219號16樓 地址所屬公司家數: 6  電子地圖 ,經濟部商業發展署
高品股份有限公司,,12859914   訂閱,核准設立  「查詢最新營業狀況請至 財政部稅務入口網 」,"7,500,000,000",臺北市南港區經貿一路170號12樓 地址所屬公司家數: 40  電子地圖 ,經濟部商業發展署
遠通投資股份有限公司,"Yuan Tone Investment Co., Ltd.",70757366   訂閱,核准設立  「查詢最新營業狀況請至 財政部稅務入口網 」,"7,466,436,290",臺北市大安區敦化南路2段207號34樓 地址所屬公司家數: 14  電子地圖 ,經濟部商業發展署
頎邦科技股份有限公司,頎邦科技股份有限公司  Google搜尋  (出進口廠商英文名稱：CHIPBOND TECHNOLOGY CORPORATION) 「國際貿易署廠商英文名稱查詢(限經營出進口或買賣業務者)」,16130009   訂閱,核准設立  「查詢最新營業狀況請至 財政部稅務入口網 」,"10,000,000,000",吳非艱,新竹科學園區新竹市力行五路3號 地址所屬公司家數: 1  電子地圖 
家福股份有限公司,,54929960   訂閱,核准設立  「查詢最新營業狀況請至 財政部稅務入口網 」,"3,000,000",桃園市中壢區五權里環西路69號1樓 地址所屬公司家數: 1  電子地圖 ,桃園市政府
華碩電腦股份有限公司,,23638777   訂閱,核准設立  「查詢最新營業狀況請至 財政部稅務入口網 」,"7,427,602,800",臺北市北投區立德路15號1樓 地址所屬公司家數: 1  電子地圖 ,經濟部商業發展署
旭達投資股份有限公司,,80342922   訂閱,合併解散 (113年12月03日 經授商字 第11330202530號),,地址所屬公司家數: 0  電子地圖 ,經濟部商業發展署
華泰電子股份有限公司,華泰電子股份有限公司  Google搜尋  (出進口廠商英文名稱：ORIENT SEMICONDUCTOR ELECTRONICS LIMITED) 「國際貿易署廠商英文名稱查詢(限經營出進口或買賣業務者)」,89004161   訂閱,核准設立  「查詢最新營業狀況請至 財政部稅務入口網 」,"20,000,000,000",董悦明,高雄市楠梓區中三街9號 地址所屬公司家數: 2  電子地圖 
富采投資控股股份有限公司,富采投資控股股份有限公司  Google搜尋  「國際貿易署廠商英文名稱查詢(限經營出進口或買賣業務者)」,83202930   訂閱,核准設立  「查詢最新營業狀況請至 財政部稅務入口網 」,"15,000,000,000",彭双浪,新竹市東區自由路67號9樓之1 地址所屬公司家數: 16  電子地圖 
信義房屋股份有限公司,Sinyi Realty Inc.,22354940   訂閱,核准設立  「查詢最新營業狀況請至 財政部稅務入口網 」,"7,368,465,000",臺北市信義區信義路五段100號 地址所屬公司家數: 21  電子地圖 ,經濟部商業發展署
太平洋電線電纜股份有限公司,"太平洋電線電纜股份有限公司  Google搜尋  (出進口廠商英文名稱：PACIFIC ELECTRIC WIRE & CABLE CO., LTD.) 「國際貿易署廠商英文名稱查詢(限經營出進口或買賣業務者)」",03064800   訂閱,核准設立  「查詢最新營業狀況請至 財政部稅務入口網 」,"18,000,000,000",苑竣唐,桃園市楊梅區快速路5段858號 地址所屬公司家數: 1  電子地圖 
長春投資股份有限公司,,23473986   訂閱,核准設立  「查詢最新營業狀況請至 財政部稅務入口網 」,"7,347,840,000",臺北市中山區八德路2段308號11樓之1 地址所屬公司家數: 16  電子地圖 ,經濟部商業發展署
台灣汽電共生股份有限公司,台灣汽電共生股份有限公司  Google搜尋  (出進口廠商英文名稱：TAIWAN COGENERATION CORPORATION) 「國際貿易署廠商英文名稱查詢(限經營出進口或買賣業務者)」,86685142   訂閱,核准設立  「查詢最新營業狀況請至 財政部稅務入口網 」,"10,000,000,000",王振勇,臺北市內湖區瑞光路392號6樓 地址所屬公司家數: 5  電子地圖 
東和鋼鐵企業股份有限公司,Tung Ho Steel Enterprise Corporation,75280209   訂閱,核准設立  「查詢最新營業狀況請至 財政部稅務入口網 」,"7,302,138,180",臺北市中山區長安東路1段9號6樓 地址所屬公司家數: 3  電子地圖 ,經濟部商業發展署
六和化工股份有限公司,,07057442   訂閱,核准設立  「查詢最新營業狀況請至 財政部稅務入口網 」,"7,295,886,480",臺北市中山區德惠街9號6樓 地址所屬公司家數: 8  電子地圖 ,經濟部商業發展署
晟德大藥廠股份有限公司,晟德大藥廠股份有限公司  Google搜尋  (出進口廠商英文名稱：CENTER LABORATORIES INC.) 「國際貿易署廠商英文名稱查詢(限經營出進口或買賣業務者)」,18606304   訂閱,核准設立  「查詢最新營業狀況請至 財政部稅務入口網 」,"10,000,000,000",王素琦,臺北市南港區園區街3之2號7樓 地址所屬公司家數: 15  電子地圖 
潤華染織廠股份有限公司,,27093207   訂閱,核准設立  「查詢最新營業狀況請至 財政部稅務入口網 」,"7,245,340,000",臺北市中山區八德路2段308號11樓之1 地址所屬公司家數: 16  電子地圖 ,經濟部商業發展署
和潤企業股份有限公司,"和潤企業股份有限公司  Google搜尋  (出進口廠商英文名稱：HOTAI FINANCE CO., LTD.) 「國際貿易署廠商英文名稱查詢(限經營出進口或買賣業務者)」",16844548   訂閱,核准設立  「查詢最新營業狀況請至 財政部稅務入口網 」,"10,000,000,000",劉源森,臺北市內湖區瑞光路605號10樓 地址所屬公司家數: 16  電子地圖 
南茂科技股份有限公司,南茂科技股份有限公司  Google搜尋  (出進口廠商英文名稱：CHIPMOS TECHNOLOGIES INC.) 「國際貿易署廠商英文名稱查詢(限經營出進口或買賣業務者)」,16130042   訂閱,核准設立  「查詢最新營業狀況請至 財政部稅務入口網 」,"9,700,000,000",鄭世杰,新竹科學園區新竹縣研發一路1號 地址所屬公司家數: 1  電子地圖 
長春石油化學股份有限公司,,11384806   訂閱,核准設立  「查詢最新營業狀況請至 財政部稅務入口網 」,"7,151,862,870",臺北市中山區松江路301號7樓 地址所屬公司家數: 8  電子地圖 ,經濟部商業發展署
台新創業投資股份有限公司,,80031342   訂閱,核准設立  「查詢最新營業狀況請至 財政部稅務入口網 」,"7,140,926,880",臺北市大安區仁愛路四段118號18樓 地址所屬公司家數: 1  電子地圖 ,經濟部商業發展署
台灣艾司摩爾股份有限公司,台灣艾司摩爾股份有限公司  Google搜尋  (出進口廠商英文名稱：ASML TAIWAN LTD.) 「國際貿易署廠商英文名稱查詢(限經營出進口或買賣業務者)」,13006301   訂閱,核准設立  「查詢最新營業狀況請至 財政部稅務入口網 」,"7,095,649,000",汪佳慧,新竹市公道五路三段1號11樓之1 地址所屬公司家數: 3  電子地圖 
燿華電子股份有限公司,,05637971   訂閱,核准設立  「查詢最新營業狀況請至 財政部稅務入口網 」,"7,094,071,750",新北市土城區中山路4巷3號 地址所屬公司家數: 2  電子地圖 ,經濟部商業發展署
宏遠興業股份有限公司,"EVEREST TEXTILE CO., LTD.",22817999   訂閱,核准設立  「查詢最新營業狀況請至 財政部稅務入口網 」,"6,946,434,840",臺南市山上區明和里256號 地址所屬公司家數: 1  電子地圖 ,經濟部商業發展署
錸德科技股份有限公司,錸德科技股份有限公司  Google搜尋  (出進口廠商英文名稱：RITEK CORPORATION) 「國際貿易署廠商英文名稱查詢(限經營出進口或買賣業務者)」,23218873   訂閱,核准設立  「查詢最新營業狀況請至 財政部稅務入口網 」,"40,000,000,000",葉垂景,新竹縣湖口鄉中興村光復北路42號 地址所屬公司家數: 7  電子地圖 
台新綜合證券股份有限公司,"Taishin Securities Co., Limited",23534956   訂閱,核准設立  「查詢最新營業狀況請至 財政部稅務入口網 」,"6,924,124,440",臺北市中山區中山北路二段44號2樓 地址所屬公司家數: 1  電子地圖 ,經濟部商業發展署
中美和石油化學股份有限公司,"中美和石油化學股份有限公司  Google搜尋  (出進口廠商英文名稱：CHINA AMERICAN PETROCHEMICAL CO., LTD.) 「國際貿易署廠商英文名稱查詢(限經營出進口或買賣業務者)」",14040691   訂閱,核准設立  「查詢最新營業狀況請至 財政部稅務入口網 」,"6,883,970,048",何敏豪,臺北市內湖區堤頂大道2段413號6樓 地址所屬公司家數: 1  電子地圖 
合作金庫人壽保險股份有限公司,合作金庫人壽保險股份有限公司  Google搜尋  「國際貿易署廠商英文名稱查詢(限經營出進口或買賣業務者)」,28990860   訂閱,核准設立  「查詢最新營業狀況請至 財政部稅務入口網 」,"8,000,000,000",徐錫漳,臺北市中山區南京東路二段85、87號5樓 地址所屬公司家數: 1  電子地圖 
環球水泥股份有限公司,,07568009   訂閱,核准設立  「查詢最新營業狀況請至 財政部稅務入口網 」,"6,866,818,160",臺北市中山區中央里南京東路二段125號10樓 地址所屬公司家數: 1  電子地圖 ,經濟部商業發展署
富敦開發股份有限公司,,28440795   訂閱,核准設立  「查詢最新營業狀況請至 財政部稅務入口網 」,"6,800,000,000",臺北市松山區敦化北路167號18樓 地址所屬公司家數: 48  電子地圖 ,經濟部商業發展署
瑞軒科技股份有限公司,"AMTRAN TECHNOLOGY CO., LTD",84929896   訂閱,核准設立  「查詢最新營業狀況請至 財政部稅務入口網 」,"6,800,000,000",新北市中和區連城路268號17樓 地址所屬公司家數: 4  電子地圖 ,經濟部商業發展署
高明貨櫃碼頭股份有限公司,高明貨櫃碼頭股份有限公司  Google搜尋  (出進口廠商英文名稱：KAO MING CONTAINER TERMINAL CORP.) 「國際貿易署廠商英文名稱查詢(限經營出進口或買賣業務者)」,28421946   訂閱,核准設立  「查詢最新營業狀況請至 財政部稅務入口網 」,"6,800,000,000",蔡豐明,高雄市小港區南星路2800號 地址所屬公司家數: 1  電子地圖 
炎洲股份有限公司,,35894259   訂閱,核准設立  「查詢最新營業狀況請至 財政部稅務入口網 」,"6,792,084,670",臺北市內湖區行善路397號7樓 地址所屬公司家數: 5  電子地圖 ,經濟部商業發展署
財金資訊股份有限公司,,16744111   訂閱,核准設立  「查詢最新營業狀況請至 財政部稅務入口網 」,"6,786,000,000",臺北市內湖區明湖里康寧路三段81號 地址所屬公司家數: 1  電子地圖 ,經濟部商業發展署
品佳股份有限公司,Silicon Application Corp.,22355027   訂閱,核准設立  「查詢最新營業狀況請至 財政部稅務入口網 」,"6,770,900,000",臺北市南港區經貿二路189號18樓 地址所屬公司家數: 3  電子地圖 ,經濟部商業發展署
愛山林建設開發股份有限公司,,22190686   訂閱,核准設立  「查詢最新營業狀況請至 財政部稅務入口網 」,"6,749,099,750",臺北市中山區龍江路128號2樓 地址所屬公司家數: 4  電子地圖 ,經濟部商業發展署
技嘉科技股份有限公司,"GIGA-BYTE TECHNOLOGY CO., LTD.",22044755   訂閱,核准設立  「查詢最新營業狀況請至 財政部稅務入口網 」,"6,698,888,860",新北市新店區寶強路6號5樓 地址所屬公司家數: 1  電子地圖 ,經濟部商業發展署
亞昕國際開發股份有限公司,,89961389   訂閱,核准設立  「查詢最新營業狀況請至 財政部稅務入口網 」,"6,696,290,980",新北市新莊區思源路555號30樓 地址所屬公司家數: 4  電子地圖 ,經濟部商業發展署
永達建設股份有限公司,,70542231   訂閱,核准設立  「查詢最新營業狀況請至 財政部稅務入口網 」,"6,688,317,230",臺北市中山區南京東路2段6號9樓 地址所屬公司家數: 14  電子地圖 ,經濟部商業發展署
大陸建設股份有限公司,Continental Development Corporation,28996610   訂閱,核准設立  「查詢最新營業狀況請至 財政部稅務入口網 」,"7,000,000,000",欣陸投資控股股份有限公司,臺北市大安區敦化南路二段95號12樓 地址所屬公司家數: 2  電子地圖 
日鼎水務企業股份有限公司,,53657716   訂閱,核准設立  「查詢最新營業狀況請至 財政部稅務入口網 」,"6,656,000,000",桃園市蘆竹區富華路1段177號 地址所屬公司家數: 1  電子地圖 ,經濟部商業發展署
達運精密工業股份有限公司,DARWIN PRECISIONS CORPORATION,23504361   訂閱,核准設立  「查詢最新營業狀況請至 財政部稅務入口網 」,"6,655,551,140",新竹縣湖口鄉光復北路20-1號 地址所屬公司家數: 22  電子地圖 ,經濟部商業發展署
台灣三井不動產股份有限公司,"台灣三井不動產股份有限公司  Google搜尋  (出進口廠商英文名稱：MITSUI FUDOSAN TAIWAN CO., LTD.) 「國際貿易署廠商英文名稱查詢(限經營出進口或買賣業務者)」
105年09月13日 發文號1059210790變更名稱 （前名稱：台灣統括股份有限公司）",42846058   訂閱,核准設立  「查詢最新營業狀況請至 財政部稅務入口網 」,"6,657,260,773",久一 康洋,臺北市中正區忠孝西路一段66號21樓 地址所屬公司家數: 8  電子地圖 
揚信科技股份有限公司,,80445574   訂閱,核准設立  「查詢最新營業狀況請至 財政部稅務入口網 」,"6,618,900,000",高雄市前鎮區成功二路25號2樓 地址所屬公司家數: 2  電子地圖 ,經濟部產業園區管理局
華南永昌綜合證券股份有限公司,,22955774   訂閱,核准設立  「查詢最新營業狀況請至 財政部稅務入口網 」,"6,547,743,460",臺北市松山區民生東路四段54號4樓、4樓之2至4樓之12、5樓、7樓之3、7樓之9、7樓之10 地址所屬公司家數: 1  電子地圖 ,經濟部商業發展署
泰賀投資股份有限公司,,42612170   訂閱,核准設立  「查詢最新營業狀況請至 財政部稅務入口網 」,"6,500,679,610",臺北市松山區慶城街67號8樓 地址所屬公司家數: 11  電子地圖 ,經濟部商業發展署
第一金證券股份有限公司,First Securities Incorporation,22959223   訂閱,核准設立  「查詢最新營業狀況請至 財政部稅務入口網 」,"6,500,000,000",臺北市中山區長安東路一段22號4樓 地址所屬公司家數: 1  電子地圖 ,經濟部商業發展署
可成科技股份有限公司,,69905810   訂閱,核准設立  「查詢最新營業狀況請至 財政部稅務入口網 」,"6,491,450,680",臺南市永康區仁愛街398號 地址所屬公司家數: 1  電子地圖 ,經濟部商業發展署
裕融企業股份有限公司,裕融企業股份有限公司  Google搜尋  (出進口廠商英文名稱：Yulon Finance Corporation) 「國際貿易署廠商英文名稱查詢(限經營出進口或買賣業務者)」,23528130   訂閱,核准設立  「查詢最新營業狀況請至 財政部稅務入口網 」,"7,500,000,000",嚴陳莉蓮,臺北市大安區敦化南路二段2號15樓 地址所屬公司家數: 2  電子地圖 
春源鋼鐵工業股份有限公司,,11529802   訂閱,核准設立  「查詢最新營業狀況請至 財政部稅務入口網 」,"6,476,553,900",新北市三重區光復路一段61巷20號13樓 地址所屬公司家數: 1  電子地圖 ,經濟部商業發展署
中國信託創業投資股份有限公司,"CTBC Venture Capital Co., Ltd.",80355806   訂閱,核准設立  「查詢最新營業狀況請至 財政部稅務入口網 」,"6,466,991,110",臺北市南港區經貿二路168號21樓 地址所屬公司家數: 3  電子地圖 ,經濟部商業發展署
南亞電路板股份有限公司,,16096804   訂閱,核准設立  「查詢最新營業狀況請至 財政部稅務入口網 」,"6,461,654,870",臺北市內湖區石潭里南京東路六段390號7樓 地址所屬公司家數: 1  電子地圖 ,經濟部商業發展署
全球人壽保險股份有限公司,,70817744   訂閱,核准設立  「查詢最新營業狀況請至 財政部稅務入口網 」,"6,435,000,000",臺北市信義區市民大道六段288號16樓 地址所屬公司家數: 2  電子地圖 ,經濟部商業發展署
華隆股份有限公司,,07406808   訂閱,核准設立  「查詢最新營業狀況請至 財政部稅務入口網 」,"6,412,944,560",苗栗縣頭份市自立街81號2樓 地址所屬公司家數: 1  電子地圖 ,經濟部商業發展署
中美矽晶製品股份有限公司,中美矽晶製品股份有限公司  Google搜尋  (出進口廠商英文名稱：SINO-AMERICAN SILICON PRODUCTS INC.) 「國際貿易署廠商英文名稱查詢(限經營出進口或買賣業務者)」,47238650   訂閱,核准設立  「查詢最新營業狀況請至 財政部稅務入口網 」,"10,000,000,000",徐秀蘭,新竹科學園區新竹市工業東二路8號4樓 地址所屬公司家數: 1  電子地圖 
尊爵投資股份有限公司,,80698388   訂閱,核准設立  「查詢最新營業狀況請至 財政部稅務入口網 」,"6,400,000,000",臺北市中山區南京東路二段77號13樓 地址所屬公司家數: 20  電子地圖 ,經濟部商業發展署
嘉聯益科技股份有限公司,,86980046   訂閱,核准設立  「查詢最新營業狀況請至 財政部稅務入口網 」,"6,381,776,940",新北市樹林區博愛街248號 地址所屬公司家數: 1  電子地圖 ,經濟部商業發展署
華榮電線電纜股份有限公司,"華榮電線電纜股份有限公司  Google搜尋  (出進口廠商英文名稱：HUA ENG WIRE & CABLE CO., LTD.) 「國際貿易署廠商英文名稱查詢(限經營出進口或買賣業務者)」",79460007   訂閱,核准設立  「查詢最新營業狀況請至 財政部稅務入口網 」,"6,327,735,060",王宏仁,高雄市前金區中正四路170號 地址所屬公司家數: 5  電子地圖 
永鼎建設股份有限公司,,80657035   訂閱,核准設立  「查詢最新營業狀況請至 財政部稅務入口網 」,"6,292,037,640",臺北市中山區南京東路二段6號9樓 地址所屬公司家數: 14  電子地圖 ,經濟部商業發展署
日煙國際製造股份有限公司,"日煙國際製造股份有限公司  Google搜尋  (出進口廠商英文名稱：JAPAN TOBACCO INTERNATIONAL MANUFACTURING CO., LTD.) 「國際貿易署廠商英文名稱查詢(限經營出進口或買賣業務者)」
104年06月12日 發文號10401109540變更名稱 （前名稱：傑恭股份有限公司）",54368658   訂閱,核准設立  「查詢最新營業狀況請至 財政部稅務入口網 」,"9,081,000,000",伊緯騰 Viktor Ivanov,臺北市信義區西村里松仁路32號7樓 地址所屬公司家數: 1  電子地圖 
康和綜合證券股份有限公司,"Concord Securities Co., Ltd",23824511   訂閱,核准設立  「查詢最新營業狀況請至 財政部稅務入口網 」,"6,241,777,350",臺北市信義區基隆路一段176號地下1樓、9樓部分、10樓部分、14樓部分、15樓 地址所屬公司家數: 1  電子地圖 ,經濟部商業發展署
藍天電腦股份有限公司,CLEVO CO.,09424319   訂閱,核准設立  「查詢最新營業狀況請至 財政部稅務入口網 」,"6,222,630,000",新北市新莊區思源路555號35樓 地址所屬公司家數: 1  電子地圖 ,經濟部商業發展署
臺灣期貨交易所股份有限公司,臺灣期貨交易所股份有限公司  Google搜尋  「國際貿易署廠商英文名稱查詢(限經營出進口或買賣業務者)」,16092130   訂閱,核准設立  「查詢最新營業狀況請至 財政部稅務入口網 」,"6,220,480,040",吳自心,臺北市中正區羅斯福路二段100號14樓 地址所屬公司家數: 1  電子地圖 
神基控股股份有限公司,"神基控股股份有限公司  Google搜尋  (出進口廠商英文名稱：Getac Holdings Corporation) 「國際貿易署廠商英文名稱查詢(限經營出進口或買賣業務者)」
113年07月01日 發文號11330099600變更名稱 （前名稱：神基投資控股股份有限公司）",22099532   訂閱,核准設立  「查詢最新營業狀況請至 財政部稅務入口網 」,"8,500,000,000",黃明漢,桃園市龜山區文化里文化二路200號1樓 地址所屬公司家數: 2  電子地圖 
頂率開發股份有限公司,,53090297   訂閱,核准設立  「查詢最新營業狀況請至 財政部稅務入口網 」,"6,200,000,000",新北市新莊區富貴路178號14樓 地址所屬公司家數: 1  電子地圖 ,經濟部商業發展署
新鑫股份有限公司,,22764579   訂閱,核准設立  「查詢最新營業狀況請至 財政部稅務入口網 」,"6,178,000,000",臺北市大安區敦化南路二段2號14樓 地址所屬公司家數: 6  電子地圖 ,經濟部商業發展署
宏誠創業投資股份有限公司,,84449897   訂閱,核准設立  「查詢最新營業狀況請至 財政部稅務入口網 」,"6,135,492,590",臺北市內湖區內湖路1段120巷17號5樓 地址所屬公司家數: 3  電子地圖 ,經濟部商業發展署
泰翔投資股份有限公司,,53742283   訂閱,核准設立  「查詢最新營業狀況請至 財政部稅務入口網 」,"6,103,996,100",臺北市信義區松仁路101號1樓 地址所屬公司家數: 9  電子地圖 ,經濟部商業發展署
寶座投資股份有限公司,,23222200   訂閱,核准設立  「查詢最新營業狀況請至 財政部稅務入口網 」,"6,090,263,720",臺北市信義區松仁路101號 地址所屬公司家數: 32  電子地圖 ,經濟部商業發展署
聯詠科技股份有限公司,聯詠科技股份有限公司  Google搜尋  (出進口廠商英文名稱：NOVATEK MICROELECTRONICS CORP.) 「國際貿易署廠商英文名稱查詢(限經營出進口或買賣業務者)」,84149955   訂閱,核准設立  「查詢最新營業狀況請至 財政部稅務入口網 」,"7,500,000,000",何泰舜,新竹科學園區新竹縣寶山鄉創新一路13號2樓 地址所屬公司家數: 1  電子地圖 
榮剛材料科技股份有限公司,,84252697   訂閱,核准設立  「查詢最新營業狀況請至 財政部稅務入口網 」,"6,024,711,970",臺南市新營區新中路35號1樓 地址所屬公司家數: 2  電子地圖 ,經濟部商業發展署
友訊科技股份有限公司,D-Link Corporation,22099189   訂閱,核准設立  「查詢最新營業狀況請至 財政部稅務入口網 」,"6,023,296,730",臺北市內湖區新湖三路289號 地址所屬公司家數: 2  電子地圖 ,經濟部商業發展署
大同智能股份有限公司,"TATUNG FOREVER ENERGY CO.,LTD",24937555   訂閱,核准設立  「查詢最新營業狀況請至 財政部稅務入口網 」,"6,000,000,000",臺北市中山區中山北路三段22號 地址所屬公司家數: 33  電子地圖 ,經濟部商業發展署
泰發投資股份有限公司,,24483575   訂閱,核准設立  「查詢最新營業狀況請至 財政部稅務入口網 」,"5,988,201,550",臺北市松山區慶城街63號16樓 地址所屬公司家數: 3  電子地圖 ,經濟部商業發展署
寶成建設股份有限公司,,81157852   訂閱,核准設立  「查詢最新營業狀況請至 財政部稅務入口網 」,"5,984,920,640",高雄市前鎮區民權二路8號10樓之1 地址所屬公司家數: 9  電子地圖 ,經濟部商業發展署
中盈投資開發股份有限公司,Gains Investment Corporation,96975508   訂閱,核准設立  「查詢最新營業狀況請至 財政部稅務入口網 」,"5,970,000,000",高雄市前鎮區成功二路88號26樓 地址所屬公司家數: 15  電子地圖 ,經濟部商業發展署
光洋應用材料科技股份有限公司,光洋應用材料科技股份有限公司  Google搜尋  (出進口廠商英文名稱：SOLAR APPLIED MATERIALS TECHNOLOGY CORP.) 「國際貿易署廠商英文名稱查詢(限經營出進口或買賣業務者)」,43787872   訂閱,核准設立  「查詢最新營業狀況請至 財政部稅務入口網 」,"8,000,000,000",黄啓峰,臺南市安南區工業三路1號 地址所屬公司家數: 1  電子地圖 
東安投資股份有限公司,,16634206   訂閱,核准設立  「查詢最新營業狀況請至 財政部稅務入口網 」,"5,952,623,690",臺北市南港區三重路19-8號6樓 地址所屬公司家數: 3  電子地圖 ,經濟部商業發展署
台灣風能投資股份有限公司,"台灣風能投資股份有限公司  Google搜尋  (出進口廠商英文名稱：Taiwan Wind Investment Co., Ltd.) 「國際貿易署廠商英文名稱查詢(限經營出進口或買賣業務者)」",83566376   訂閱,核准設立  「查詢最新營業狀況請至 財政部稅務入口網 」,"6,015,000,000",William James Trenchard,臺北市信義區忠孝東路五段68號26樓 地址所屬公司家數: 15  電子地圖 
亞洲聚合股份有限公司,ASIA POLYMER CORPORATION,20747385   訂閱,核准設立  「查詢最新營業狀況請至 財政部稅務入口網 」,"5,937,439,190",高雄市林園區工業一路3號 地址所屬公司家數: 1  電子地圖 ,經濟部商業發展署
鴻揚半導體股份有限公司,Hon Young Semiconductor Corporation,90505585   訂閱,核准設立  「查詢最新營業狀況請至 財政部稅務入口網 」,"5,935,000,000",新竹科學園區新竹市研新三路3號 地址所屬公司家數: 2  電子地圖 ,國家科學及技術委員會新竹科學園區管理局
凌陽科技股份有限公司,,23821182   訂閱,核准設立  「查詢最新營業狀況請至 財政部稅務入口網 」,"5,919,949,190",新竹科學園區新竹縣創新一路19號1樓 地址所屬公司家數: 1  電子地圖 ,國家科學及技術委員會新竹科學園區管理局
東陽實業廠股份有限公司,TONG YANG INDUSTRY CO. LTD.,68326665   訂閱,核准設立  「查詢最新營業狀況請至 財政部稅務入口網 」,"5,914,770,680",臺南市安南區安和路2段98號 地址所屬公司家數: 1  電子地圖 ,經濟部商業發展署
大同資產開發股份有限公司,Tatung Asset Development Company,29508603   訂閱,核准設立  「查詢最新營業狀況請至 財政部稅務入口網 」,"20,800,000,000",臺北市中山區中山北路三段22號 地址所屬公司家數: 33  電子地圖 ,經濟部商業發展署
中天生物科技股份有限公司,"Microbio Co., Ltd.",70555349   訂閱,核准設立  「查詢最新營業狀況請至 財政部稅務入口網 」,"5,881,705,970",臺北市南港區三重里園區街3號18樓之1 地址所屬公司家數: 1  電子地圖 ,經濟部商業發展署
泰盛投資股份有限公司,,23222476   訂閱,核准設立  「查詢最新營業狀況請至 財政部稅務入口網 」,"5,867,011,670",臺北市松山區慶城街63號16樓 地址所屬公司家數: 3  電子地圖 ,經濟部商業發展署
新興航運股份有限公司,新興航運股份有限公司  Google搜尋  (出進口廠商英文名稱：SINCERE NAVIGATION CORPORATION) 「國際貿易署廠商英文名稱查詢(限經營出進口或買賣業務者)」,11812103   訂閱,核准設立  「查詢最新營業狀況請至 財政部稅務入口網 」,"7,000,000,000",許積臯,臺北市大安區復興南路1段368號14樓 地址所屬公司家數: 2  電子地圖 
第一金人壽保險股份有限公司,"First Life Insurance Co., Ltd.",28426962   訂閱,核准設立  「查詢最新營業狀況請至 財政部稅務入口網 」,"5,850,000,000",臺北市信義區信義路四段456號13樓 地址所屬公司家數: 1  電子地圖 ,經濟部商業發展署
詮鼎科技股份有限公司,,84302177   訂閱,核准設立  「查詢最新營業狀況請至 財政部稅務入口網 」,"5,840,290,000",臺北市南港區經貿二路189號13樓 地址所屬公司家數: 2  電子地圖 ,經濟部商業發展署
光陽工業股份有限公司,"光陽工業股份有限公司  Google搜尋  (出進口廠商英文名稱：KWANG YANG MOTOR CO., LTD.) 「國際貿易署廠商英文名稱查詢(限經營出進口或買賣業務者)」",75195800   訂閱,核准設立  「查詢最新營業狀況請至 財政部稅務入口網 」,"5,835,375,000",柯俊斌,高雄市三民區灣興街35號 地址所屬公司家數: 5  電子地圖 
豐興鋼鐵股份有限公司,,55389357   訂閱,核准設立  「查詢最新營業狀況請至 財政部稅務入口網 」,"5,815,994,240",臺中市后里區墩北里9鄰甲后路一段998號 地址所屬公司家數: 1  電子地圖 ,經濟部商業發展署
華夏海灣塑膠股份有限公司,華夏海灣塑膠股份有限公司  Google搜尋  (出進口廠商英文名稱：CHINA GENERAL PLASTICS CORP.) 「國際貿易署廠商英文名稱查詢(限經營出進口或買賣業務者)」,11686106   訂閱,核准設立  「查詢最新營業狀況請至 財政部稅務入口網 」,"6,500,000,000",吳亦圭,臺北市內湖區基湖路37號12樓 地址所屬公司家數: 16  電子地圖 
海盛國際投資股份有限公司,"海盛國際投資股份有限公司  Google搜尋  (出進口廠商英文名稱：Formosa 4 International Investment CO.,LTD.) 「國際貿易署廠商英文名稱查詢(限經營出進口或買賣業務者)」",83199549   訂閱,核准設立  「查詢最新營業狀況請至 財政部稅務入口網 」,"27,000,000,000",林雍堯,臺北市信義區信義路五段108號10樓 地址所屬公司家數: 6  電子地圖 
金仁寶總部資產開發股份有限公司,Kinpo&Compal Group Assets Development Corporation,90218042   訂閱,核准設立  「查詢最新營業狀況請至 財政部稅務入口網 」,"5,750,000,000",臺北市內湖區瑞光路581號及581之1號 地址所屬公司家數: 2  電子地圖 ,經濟部商業發展署
合晶科技股份有限公司,合晶科技股份有限公司  Google搜尋  (出進口廠商英文名稱：WAFER WORKS CORPORATION) 「國際貿易署廠商英文名稱查詢(限經營出進口或買賣業務者)」,16138282   訂閱,核准設立  「查詢最新營業狀況請至 財政部稅務入口網 」,"7,000,000,000",焦平海,新竹科學園區桃園市龍潭區龍園一路100號 地址所屬公司家數: 2  電子地圖 
東南水泥股份有限公司,,83078600   訂閱,核准設立  「查詢最新營業狀況請至 財政部稅務入口網 」,"5,720,007,970",高雄市前金區五褔三路21號4樓之1 地址所屬公司家數: 1  電子地圖 ,經濟部商業發展署
誠美材料科技股份有限公司,"誠美材料科技股份有限公司  Google搜尋  (出進口廠商英文名稱：CHENG MEI MATERIALS TECHNOLOGY CORPORATION) 「國際貿易署廠商英文名稱查詢(限經營出進口或買賣業務者)」
107年07月18日 發文號10701082360變更名稱 （前名稱：奇美材料科技股份有限公司）",27790294   訂閱,核准設立  「查詢最新營業狀況請至 財政部稅務入口網 」,"12,000,000,000",宋妍儀,臺南市善化區南關里木柵港西路13號 地址所屬公司家數: 4  電子地圖 
嘉惠電力股份有限公司,Chiahui Power Corporation,96976990   訂閱,核准設立  「查詢最新營業狀況請至 財政部稅務入口網 」,"5,700,000,000",嘉義縣民雄鄉松山村4鄰松子腳688號 地址所屬公司家數: 1  電子地圖 ,經濟部商業發展署
台北雙星股份有限公司,Taipei Twin Towers Limited,54918078   訂閱,核准設立  「查詢最新營業狀況請至 財政部稅務入口網 」,"10,000,000,000",許崑泰,新北市新莊區思源路555號36樓 地址所屬公司家數: 1  電子地圖 
超豐電子股份有限公司,GREATEK ELECTRONICS INC.,05126366   訂閱,核准設立  「查詢最新營業狀況請至 財政部稅務入口網 」,"5,688,459,210",苗栗縣竹南鎮佳興里公義路136號 地址所屬公司家數: 1  電子地圖 ,經濟部商業發展署
智邦科技股份有限公司,,22099287   訂閱,核准設立  「查詢最新營業狀況請至 財政部稅務入口網 」,"5,611,178,970",新竹縣竹北市北興里智慧一路1號 地址所屬公司家數: 2  電子地圖 ,經濟部商業發展署
精英電腦股份有限公司,"Elitegroup Computer Systems Co., Ltd.",22449566   訂閱,核准設立  「查詢最新營業狀況請至 財政部稅務入口網 」,"5,574,029,680",臺北市中山區中山北路三段22-1號9樓 地址所屬公司家數: 1  電子地圖 ,經濟部商業發展署
和泰汽車股份有限公司,"和泰汽車股份有限公司  Google搜尋  (出進口廠商英文名稱：HO TAI MOTOR CO., LTD.) 「國際貿易署廠商英文名稱查詢(限經營出進口或買賣業務者)」",03251108   訂閱,核准設立  「查詢最新營業狀況請至 財政部稅務入口網 」,"6,000,000,000",黃南光,臺北市中山區松江路121號8~14樓 地址所屬公司家數: 1  電子地圖 
威盛電子股份有限公司,"VIA Technologies, Inc.",86870786   訂閱,核准設立  「查詢最新營業狀況請至 財政部稅務入口網 」,"5,555,399,410",新北市新店區中正路535號8樓 地址所屬公司家數: 1  電子地圖 ,經濟部商業發展署
至上電子股份有限公司,"SUPREME ELECTRONICS CO., Ltd.",22368959   訂閱,核准設立  「查詢最新營業狀況請至 財政部稅務入口網 」,"5,552,916,980",臺北市內湖區港墘路183、185、187、189號6樓、185號6樓之1 地址所屬公司家數: 1  電子地圖 ,經濟部商業發展署
翔韋投資股份有限公司,,84709324   訂閱,核准設立  「查詢最新營業狀況請至 財政部稅務入口網 」,"5,542,470,000",臺北市大安區敦化南路二段2號10樓 地址所屬公司家數: 7  電子地圖 ,經濟部商業發展署
冠德建設股份有限公司,"KINDOM DEVELOPMENT CO.,LTD.",30900892   訂閱,核准設立  「查詢最新營業狀況請至 財政部稅務入口網 」,"5,541,701,000",臺北市大安區和平東路三段131號2樓 地址所屬公司家數: 1  電子地圖 ,經濟部商業發展署
中華汽車工業股份有限公司,中華汽車工業股份有限公司  Google搜尋  (出進口廠商英文名稱：CHINA MOTOR CORPORATION) 「國際貿易署廠商英文名稱查詢(限經營出進口或買賣業務者)」,03098415   訂閱,核准設立  「查詢最新營業狀況請至 財政部稅務入口網 」,"18,000,000,000",嚴陳莉蓮,臺北市大安區敦化南路2段2號11樓 地址所屬公司家數: 6  電子地圖 
遠百新世紀開發股份有限公司,,70755199   訂閱,核准設立  「查詢最新營業狀況請至 財政部稅務入口網 」,"5,520,000,000",新北市板橋區新站路16號18樓 地址所屬公司家數: 7  電子地圖 ,經濟部商業發展署
玉山創業投資股份有限公司,"E.SUN VENTURE CAPITAL CO.,LTD.",80344822   訂閱,核准設立  「查詢最新營業狀況請至 財政部稅務入口網 」,"5,500,000,000",臺北市松山區民有里民生東路三段115號6樓 地址所屬公司家數: 1  電子地圖 ,經濟部商業發展署
裕鐵企業股份有限公司,,85978401   訂閱,核准設立  「查詢最新營業狀況請至 財政部稅務入口網 」,"5,500,000,000",高雄市燕巢區安招路639號 地址所屬公司家數: 9  電子地圖 ,經濟部商業發展署
臺灣永光化學工業股份有限公司,,15458455   訂閱,核准設立  「查詢最新營業狀況請至 財政部稅務入口網 」,"5,477,522,260",臺北市大安區義安里敦化南路二段77號5~6樓 地址所屬公司家數: 1  電子地圖 ,經濟部商業發展署
和拓電業股份有限公司,"He To Energy Integration Co., Ltd.",83057582   訂閱,核准設立  「查詢最新營業狀況請至 財政部稅務入口網 」,"5,468,837,000",臺北市內湖區瑞光路362號8樓 地址所屬公司家數: 61  電子地圖 ,經濟部商業發展署
中興紡織廠股份有限公司,,35082604   訂閱,核准設立  「查詢最新營業狀況請至 財政部稅務入口網 」,"5,450,703,820",臺北市信義區基隆路1段200號6樓之1 地址所屬公司家數: 3  電子地圖 ,經濟部商業發展署
明泰科技股份有限公司,Alpha Networks Inc.,12800392   訂閱,核准設立  「查詢最新營業狀況請至 財政部稅務入口網 」,"5,417,184,600",新竹科學園區新竹市力行七路8號 地址所屬公司家數: 2  電子地圖 ,國家科學及技術委員會新竹科學園區管理局
萬通票券金融股份有限公司,,89398334   訂閱,核准設立  「查詢最新營業狀況請至 財政部稅務入口網 」,"5,408,000,000",臺北市信義區興隆里15鄰忠孝東路四段560號11樓 地址所屬公司家數: 1  電子地圖 ,經濟部商業發展署
鴻元國際投資股份有限公司,,16098325   訂閱,核准設立  「查詢最新營業狀況請至 財政部稅務入口網 」,"5,392,511,920",新北市新店區復興里北新路3段207-1號15樓 地址所屬公司家數: 4  電子地圖 ,經濟部商業發展署
艾克爾國際科技股份有限公司,艾克爾國際科技股份有限公司  Google搜尋  (出進口廠商英文名稱：AMKOR TECHNOLOGY TAIWAN LTD.) 「國際貿易署廠商英文名稱查詢(限經營出進口或買賣業務者)」,16631664   訂閱,核准設立  「查詢最新營業狀況請至 財政部稅務入口網 」,"5,500,000,000",梅根•浮士德,桃園市龍潭區中豐路高平段1號 地址所屬公司家數: 2  電子地圖 
元晶太陽能科技股份有限公司,元晶太陽能科技股份有限公司  Google搜尋  (出進口廠商英文名稱：TSEC CORPORATION) 「國際貿易署廠商英文名稱查詢(限經營出進口或買賣業務者)」,28997300   訂閱,核准設立  「查詢最新營業狀況請至 財政部稅務入口網 」,"7,000,000,000",偉任投資股份有限公司,新北市新店區復興里北新路三段225號8樓 地址所屬公司家數: 1  電子地圖 
英華達股份有限公司,INVENTEC APPLIANCES CORPORATION,70772036   訂閱,核准設立  「查詢最新營業狀況請至 財政部稅務入口網 」,"5,368,572,540",新北市五股區五工五路37號 地址所屬公司家數: 2  電子地圖 ,經濟部商業發展署
中華開發創業投資股份有限公司,CDIB Venture Capital Corporation,80328870   訂閱,核准設立  「查詢最新營業狀況請至 財政部稅務入口網 」,"5,354,937,080",臺北市松山區敦化北路135號12樓 地址所屬公司家數: 7  電子地圖 ,經濟部商業發展署
友縳投資股份有限公司,,80681817   訂閱,核准設立  「查詢最新營業狀況請至 財政部稅務入口網 」,"5,348,775,680",新竹縣竹北市北崙里12鄰光明二街２５號4樓 地址所屬公司家數: 1  電子地圖 ,經濟部商業發展署
金澄建設股份有限公司,,04378961   訂閱,核准設立  「查詢最新營業狀況請至 財政部稅務入口網 」,"5,340,994,320",臺北市中山區敬業一路192號5樓 地址所屬公司家數: 4  電子地圖 ,經濟部商業發展署
集盛實業股份有限公司,,43295237   訂閱,核准設立  「查詢最新營業狀況請至 財政部稅務入口網 」,"5,316,883,800",桃園市龜山區新嶺里東萬壽路60號 地址所屬公司家數: 1  電子地圖 ,經濟部商業發展署
燁興企業股份有限公司,,75992214   訂閱,核准設立  「查詢最新營業狀況請至 財政部稅務入口網 」,"5,306,516,130",高雄市岡山區寶米路369號 地址所屬公司家數: 1  電子地圖 ,經濟部商業發展署
開泰豐國際股份有限公司,,28202098   訂閱,核准設立  「查詢最新營業狀況請至 財政部稅務入口網 」,"5,300,000,000",臺北市松山區松基里15鄰敦化北路158號 地址所屬公司家數: 1  電子地圖 ,經濟部商業發展署
竹北新世紀購物中心股份有限公司,,42571044   訂閱,核准設立  「查詢最新營業狀況請至 財政部稅務入口網 」,"5,300,000,000",新竹縣竹北市莊敬北路18號 地址所屬公司家數: 1  電子地圖 ,經濟部商業發展署
大成帝國工業股份有限公司,,65008271   訂閱,核准設立  「查詢最新營業狀況請至 財政部稅務入口網 」,"5,300,000,000",臺南市仁德區新田里義林路122號 地址所屬公司家數: 2  電子地圖 ,經濟部商業發展署
凌耀科技股份有限公司,Vishay Capella Microsystems (Taiwan) Limited,54729132   訂閱,核准設立  「查詢最新營業狀況請至 財政部稅務入口網 」,"5,285,583,920",新北市新店區復興路43號6樓 地址所屬公司家數: 1  電子地圖 ,經濟部商業發展署
台灣苯乙烯工業股份有限公司,,20844865   訂閱,核准設立  「查詢最新營業狀況請至 財政部稅務入口網 」,"5,278,697,640",臺北市中正區羅斯福路一段6號8樓之1 地址所屬公司家數: 2  電子地圖 ,經濟部商業發展署
朕豪大酒店股份有限公司,,53577707   訂閱,核准設立  「查詢最新營業狀況請至 財政部稅務入口網 」,"5,270,000,000",高雄市鼓山區龍子里龍德新路222號 地址所屬公司家數: 1  電子地圖 ,經濟部商業發展署
遠雄國際投資股份有限公司,,22554790   訂閱,核准設立  「查詢最新營業狀況請至 財政部稅務入口網 」,"10,000,000,000",趙文嘉,臺北市信義區基隆路一1段200號23樓之1 地址所屬公司家數: 1  電子地圖 
健鼎科技股份有限公司,,86379707   訂閱,核准設立  「查詢最新營業狀況請至 財政部稅務入口網 」,"5,256,058,980",桃園市平鎮區工業五路21號 地址所屬公司家數: 1  電子地圖 ,經濟部商業發展署
茂宣企業股份有限公司,MORRIHAN INTERNATIONAL CORP.,12339246   訂閱,核准設立  「查詢最新營業狀況請至 財政部稅務入口網 」,"5,237,600,000",新北市中和區中正路738號4樓 地址所屬公司家數: 2  電子地圖 ,經濟部商業發展署
允強實業股份有限公司,"YC INOX CO., LTD.",59068700   訂閱,核准設立  「查詢最新營業狀況請至 財政部稅務入口網 」,"5,235,004,870",彰化縣溪州鄉舊眉村中山路四段270號 地址所屬公司家數: 3  電子地圖 ,經濟部商業發展署
士林電機廠股份有限公司,士林電機廠股份有限公司  Google搜尋  (出進口廠商英文名稱：SHIHLIN ELECTRIC & ENGINEERING CORPORATION) 「國際貿易署廠商英文名稱查詢(限經營出進口或買賣業務者)」,11039306   訂閱,核准設立  「查詢最新營業狀況請至 財政部稅務入口網 」,"5,800,000,000",許育瑞,臺北市士林區忠誠里19鄰中山北路六段88號16樓 地址所屬公司家數: 1  電子地圖 
合作金庫證券股份有限公司,,53021481   訂閱,核准設立  「查詢最新營業狀況請至 財政部稅務入口網 」,"5,206,131,590",臺北市大安區車層里忠孝東路四段285號1樓 地址所屬公司家數: 1  電子地圖 ,經濟部商業發展署
富喬工業股份有限公司,富喬工業股份有限公司  Google搜尋  (出進口廠商英文名稱：FULLTECH FIBER GLASS CORP.) 「國際貿易署廠商英文名稱查詢(限經營出進口或買賣業務者)」,16834268   訂閱,核准設立  「查詢最新營業狀況請至 財政部稅務入口網 」,"6,000,000,000",張元賓,雲林縣斗六市斗工十六路8號 地址所屬公司家數: 1  電子地圖 
台北港貨櫃碼頭股份有限公司,台北港貨櫃碼頭股份有限公司  Google搜尋  (出進口廠商英文名稱：TAIPEI PORT CONTAINER TERMINAL CORP) 「國際貿易署廠商英文名稱查詢(限經營出進口或買賣業務者)」,80027874   訂閱,核准設立  「查詢最新營業狀況請至 財政部稅務入口網 」,"7,000,000,000",黃文堯,新北市八里區訊塘里7鄰廈竹圍25號 地址所屬公司家數: 3  電子地圖 
廣宇科技股份有限公司,,03546618   訂閱,核准設立  「查詢最新營業狀況請至 財政部稅務入口網 」,"5,183,462,820",新北市中和區碧河里建八路200號6樓 地址所屬公司家數: 1  電子地圖 ,經濟部商業發展署
國巨股份有限公司,YAGEO CORPORATION,22636630   訂閱,核准設立  「查詢最新營業狀況請至 財政部稅務入口網 」,"5,182,414,550",新北市新店區寶橋路233-1號3樓及233-2號3樓 地址所屬公司家數: 1  電子地圖 ,經濟部商業發展署
